booked_quantity,collected_quantity,weighed_quantity,procured_quantity,moisture_content,processing_time_mins,qty_difference,is_anomaly
45.011527187721775,72.4520212314911,24.359419122016043,70.0338397128275,12.499276062566965,228.00893972891564,34.23499603114409,1
52.999191552247375,54.42590731196349,64.28720338545855,101.85779197766944,17.890322552124978,104.4065258173694,30.16775353036319,1
62.84111526396437,21.21354296205771,98.94937130379198,80.92545154588888,13.488157079272701,34.2241605071063,19.261095063172252,1
65.3507029604221,62.54189598544065,77.93620698960328,78.80136954182723,13.18442947771722,159.35626327854249,17.566902594426804,1
73.04118645586593,65.92990872326001,118.94959958894454,61.63382845638399,14.227873369993805,201.99505208113374,41.427741884237264,1
69.66489613754362,32.40358275208715,76.1428847725435,24.243357482976492,17.880370245973495,97.93973700683188,13.95718538659918,1
36.21546294206037,59.129006783518165,47.63458055368308,102.15989651598441,18.52449276465709,50.27740530448412,28.2571521572682,1
70.81602313149367,30.067123722114438,50.001312338071415,109.17911411577074,14.960584288901469,70.27613285536123,2.002149069602198,1
78.86969516635438,74.11190847856963,78.3927751385606,33.97478326846108,15.351198365623373,21.940315979344042,37.9641662291963,1
48.55377922509979,61.49747419127935,44.98038444564133,127.3633500426481,18.609489591249314,57.21895431806,21.403036961611942,1
30.344570739812337,22.571863575954968,23.594924097644565,60.932069927768815,15.736077347463908,200.73038658657592,21.05650334994311,1
56.499840101117776,33.51791919896498,26.946651765305834,51.608616881802845,12.611698583190224,78.96346856126038,23.423894321668737,1
64.77601858607953,71.30361464809505,122.17266721651673,43.16522461381119,11.636510149591723,24.68543611165004,25.59631709995191,1
31.625473127071977,44.44629294078792,95.3732480255452,123.52308488031618,11.221402545386733,192.31648598386113,11.377086723666661,1
78.08633188328778,31.774403882465116,47.43777981351204,57.362714556055145,14.440292386738724,42.57241056012519,24.404405336367006,1
37.14055435647795,29.364887329571374,110.55124318387965,109.12102170097462,15.795237697301703,64.75374383378058,22.891976480841414,1
48.03301914698226,38.761090315664276,84.64041959895634,69.99310246421601,13.698412059359027,18.528954774759434,6.1641799440972065,1
21.47351247709246,56.35618715847206,127.39292254099063,36.57173614026541,16.015654173980472,160.57937960757354,27.104589557684722,1
49.226446750369334,44.194802320540916,66.91509459266086,22.1252765127331,15.534319722500971,89.94572029137619,27.51824930527432,1
22.746868796958385,42.870833344313475,21.009860956848797,127.42345852161321,16.831314372979847,94.19300164505657,16.254993138868546,1
51.50730990645356,43.86324573244533,106.25033824676603,45.76630687579358,16.077986305863853,225.42250024176985,13.099649033035524,1
22.669789324729738,25.71316301746046,103.53126097655625,59.81281215591859,17.85203137829791,50.47114208524123,21.38757371295621,1
25.23327806430106,78.47481751828951,125.10226812550358,20.30642197556194,16.913798398341946,169.72744162868418,27.76999004735557,1
54.60564004247502,62.34557372387917,89.16829736611197,83.32239481532153,13.279556138740464,55.74976177762875,24.119936833811582,1
35.77667957115767,40.56784250749969,84.02752463981086,104.28663961757725,17.83815837305789,102.53585165710845,9.216397418355644,1
77.51629192854254,61.76816499173143,99.67126507369446,59.91748515975043,18.436586614627686,100.96477113756094,11.440029885141017,0
50.80251200982103,68.63385879705446,76.84924294452068,43.09773353760123,10.007060364442593,56.0670740037254,28.346959480015247,0
30.745161601895767,43.208117697026395,38.70329902273983,28.197442161930923,11.317426335077942,150.08424830439174,29.447516570651086,0
35.660880433591274,72.90792864843556,90.57980643597752,52.03409089487534,18.09166417647737,74.27123479423811,10.708991436044593,0
26.118684599354744,59.69424678771583,71.41152869659933,106.28958485324716,18.211956091835482,67.02913377021363,22.211777275541092,0
47.98986440176182,37.21668100385777,79.7210661916314,56.88209618613495,18.925984347913683,219.93641304857698,36.04895021603982,0
67.8072646780659,68.22506591352388,111.66960354483143,42.019892356477,14.649084724676928,163.35240039420106,33.066313690222586,0
29.946332687011417,56.277769914774055,29.08154530737717,116.45659701975312,14.988553570944,170.00907138581064,24.759815425106442,0
32.21734661651358,26.12380032898814,68.66825967187711,25.904252189637003,14.555619239284848,55.86259335747251,13.02049043716427,0
68.32392195105305,61.71239461546593,89.48435649981779,85.8147091026425,10.057735513094885,191.43716815992636,40.048730559694434,0
45.91380990589475,67.18879796438179,22.72537062449308,120.76214807294005,12.283242636547747,109.3407610488208,5.7965127575237965,0
69.60740230311292,55.34372616576108,33.64710638901403,35.90280233497716,13.64300228763358,123.84635508961239,8.49626386716173,0
35.57485383558894,65.57761927884795,43.511686637984994,77.35520135409024,16.503782854504657,39.20737043398505,10.910351400808821,0
25.87428792495844,74.5760601879516,119.90191098525618,101.29963997653938,15.057331389193513,234.67872978316652,35.60194244886287,0
58.01978594165079,29.67514885788939,31.372600087750634,47.45091866484638,18.036233078832304,203.78810283942758,0.5346572193668098,0
66.99776295513813,61.516218196445,101.7136733125065,106.71977926012383,16.714555026927208,15.311479309704266,29.01321789850739,0
27.290627567342177,40.527498486505806,44.583282155183014,57.20234185585861,12.642553928834513,23.612442477750278,3.1024881494277077,0
78.26402478323928,57.271552887970415,28.152522862267162,47.783275218342226,14.212286251125331,137.62121500118187,6.017032220896411,0
54.45833675158687,57.52264886438675,129.84112707604712,45.04726760247939,11.540679275050977,136.36311139207334,1.2193238618156226,0
61.00977509824941,69.76133403086425,45.209622196171324,114.13888454354853,13.476994019385359,119.34847700739246,44.237546897280254,0
32.55,32.46,31.85,31.53,13.84,35.25,0.7,0
67.5,67.29,68.12,67.44,13.37,55.84,0.62,0
45.89,46.11,47.75,47.28,11.18,25.1,1.86,0
72.24,73.37,73.72,72.99,12.26,44.32,1.49,0
75.91,76.96,77.57,76.8,13.74,40.0,1.66,0
29.47,29.62,29.22,28.93,11.97,55.86,0.26,0
38.65,38.32,37.81,37.43,14.23,40.22,0.85,0
56.63,57.19,55.55,54.99,12.15,48.89,1.08,0
47.31,46.43,49.13,48.64,11.63,30.62,1.82,0
37.88,38.12,36.49,36.12,13.55,58.02,1.4,0
75.71,74.59,75.59,74.83,13.23,35.85,0.12,0
47.2,46.54,47.58,47.1,11.37,45.56,0.38,0
58.67,59.13,60.19,59.59,11.58,52.01,1.52,0
33.92,34.48,35.27,34.92,11.62,55.37,1.35,0
48.87,49.68,48.24,47.76,13.77,20.95,0.63,0
67.0,65.97,66.23,65.56,11.74,26.94,0.78,0
68.3,68.09,68.36,67.67,14.43,53.59,0.06,0
30.15,30.3,31.89,31.57,11.92,34.75,1.74,0
26.19,26.59,27.41,27.14,13.92,34.41,1.23,0
41.91,41.55,86.25,85.38,12.9,199.16,44.34,1
50.11,50.68,51.3,50.79,13.81,35.89,1.19,0
34.3,34.59,35.78,35.42,11.52,33.42,1.48,0
71.21,69.99,70.18,69.48,13.33,20.73,1.02,0
52.14,51.16,50.98,50.47,11.32,56.92,1.17,0
57.78,58.0,57.36,56.79,11.95,24.7,0.42,0
71.57,70.53,72.92,72.19,11.84,27.96,1.35,0
57.95,58.66,56.76,56.19,11.21,57.17,1.19,0
56.55,56.48,55.22,54.67,14.04,41.89,1.33,0
34.85,34.94,35.71,35.36,12.86,23.57,0.86,0
50.4,50.01,108.11,107.03,15.64,179.19,57.71,1
60.86,61.74,62.5,61.88,11.2,48.69,1.64,0
20.89,20.94,19.62,19.42,12.85,53.68,1.27,0
48.23,47.32,49.91,49.41,12.61,22.0,1.68,0
63.44,63.57,63.85,63.21,13.16,35.77,0.41,0
38.78,38.48,40.4,40.0,11.13,24.06,1.62,0
36.41,37.08,37.71,37.33,11.33,52.51,1.3,0
54.3,55.06,54.55,54.0,14.15,49.86,0.25,0
23.74,23.89,25.09,24.84,11.49,37.96,1.35,0
62.92,62.02,61.01,60.4,11.3,21.92,1.91,0
72.08,71.68,73.67,72.93,12.65,27.36,1.59,0
57.7,57.97,55.93,55.37,13.21,56.83,1.77,0
56.3,55.41,54.8,54.26,13.41,57.53,1.5,0
29.97,29.39,29.13,28.83,11.85,51.75,0.84,0
61.43,62.31,59.82,59.22,12.2,32.65,1.61,0
79.76,79.32,78.25,77.47,11.55,34.47,1.51,0
59.9,60.65,58.58,58.0,12.49,26.79,1.32,0
29.87,29.88,31.02,30.71,12.1,20.3,1.15,0
30.8,30.48,31.31,31.0,11.01,38.78,0.52,0
71.17,70.78,69.65,68.95,12.39,49.43,1.53,0
58.32,57.67,57.44,56.86,12.82,52.66,0.89,0
46.3,46.56,48.26,47.77,13.8,46.51,1.95,0
71.71,70.53,72.33,71.61,11.37,37.58,0.62,0
65.14,66.19,63.91,63.27,12.19,20.84,1.23,0
75.7,76.18,75.38,74.63,11.28,26.46,0.32,0
61.41,62.39,61.81,61.2,12.21,48.19,0.4,0
21.49,21.48,23.41,23.18,13.76,36.6,1.92,0
62.75,63.05,62.58,61.95,13.35,35.08,0.17,0
46.74,46.01,44.94,44.49,12.37,20.72,1.81,0
71.51,71.67,70.83,70.12,11.5,55.8,0.69,0
67.15,67.92,93.8,92.86,17.66,138.53,26.64,1
41.18,41.11,41.89,41.47,14.39,42.58,0.71,0
60.23,59.45,58.78,58.19,12.52,39.72,1.45,0
68.32,68.01,66.75,66.08,13.28,51.33,1.57,0
56.75,57.19,57.6,57.03,12.87,39.6,0.85,0
44.06,44.83,43.08,42.64,11.33,47.5,0.98,0
61.33,62.34,60.13,59.52,11.07,29.19,1.2,0
31.47,31.09,31.98,31.66,12.57,21.89,0.5,0
66.52,67.2,65.26,64.61,12.02,24.92,1.26,0
26.01,26.24,24.78,24.53,13.48,55.38,1.23,0
59.28,59.54,60.6,60.0,13.89,32.28,1.32,0
68.4,68.57,123.17,121.94,15.08,79.35,54.77,1
35.91,36.26,34.55,34.2,12.03,37.0,1.37,0
30.77,30.68,32.43,32.11,13.09,40.24,1.66,0
45.56,45.59,46.99,46.52,11.67,38.77,1.43,0
60.72,60.48,62.65,62.02,12.19,35.32,1.93,0
38.7,38.47,40.29,39.89,12.11,42.22,1.59,0
60.26,60.27,59.43,58.83,14.45,44.29,0.83,0
55.15,55.68,54.14,53.59,12.48,35.08,1.01,0
21.57,21.63,20.43,20.22,14.04,48.02,1.14,0
46.63,47.11,88.1,87.22,17.69,110.51,41.47,1
58.85,58.79,57.66,57.08,12.79,38.68,1.19,0
24.81,24.99,26.06,25.8,14.48,52.07,1.25,0
41.81,41.52,39.82,39.42,13.81,40.91,1.99,0
56.92,56.73,56.3,55.74,12.99,22.83,0.61,0
78.68,77.89,79.95,79.15,14.27,47.02,1.28,0
30.32,29.97,28.7,28.41,12.4,23.33,1.62,0
25.22,25.52,23.78,23.55,13.96,20.12,1.43,0
73.16,72.35,73.62,72.88,12.97,36.01,0.46,0
66.86,66.69,66.96,66.29,12.43,37.44,0.1,0
38.26,38.39,36.45,36.09,12.08,56.67,1.8,0
35.08,35.2,36.05,35.69,11.66,47.59,0.97,0
53.3,53.55,54.77,54.22,13.96,48.86,1.47,0
49.32,48.4,48.67,48.18,13.01,49.91,0.66,0
61.27,62.32,60.21,59.6,11.87,30.74,1.07,0
33.58,33.9,31.76,31.44,13.23,56.68,1.82,0
67.94,68.96,119.11,117.92,16.84,57.43,51.17,1
26.96,27.35,26.9,26.63,14.32,35.98,0.06,0
25.39,25.59,26.11,25.84,14.44,29.53,0.72,0
59.58,60.75,61.34,60.72,12.21,34.16,1.75,0
57.69,56.81,59.23,58.64,11.72,24.85,1.54,0
24.04,24.15,23.09,22.86,12.55,54.04,0.96,0
27.18,26.92,25.65,25.4,12.18,59.35,1.53,0
61.73,62.1,63.69,63.06,11.79,34.33,1.97,0
54.9,54.94,54.05,53.51,12.75,59.26,0.85,0
73.25,73.56,73.34,72.6,13.05,29.41,0.08,0
22.18,22.43,22.54,22.32,11.63,49.1,0.36,0
48.84,48.67,47.94,47.46,13.24,52.12,0.9,0
64.91,65.24,64.27,63.63,13.92,25.69,0.64,0
43.31,43.9,45.05,44.6,13.57,28.39,1.74,0
42.03,41.65,43.94,43.5,13.0,53.08,1.91,0
69.11,69.97,70.07,69.37,12.67,43.96,0.96,0
42.95,42.95,43.33,42.89,12.61,55.4,0.37,0
57.39,57.0,57.19,56.62,12.77,33.6,0.2,0
78.81,78.38,78.58,77.8,12.36,39.35,0.23,0
71.39,70.82,69.95,69.25,12.72,36.19,1.44,0
42.21,41.52,41.63,41.21,12.25,26.54,0.58,0
54.49,55.57,55.87,55.31,11.15,25.01,1.38,0
22.0,21.61,22.92,22.69,13.33,30.79,0.92,0
46.74,47.21,47.23,46.75,13.57,25.87,0.48,0
28.95,29.3,29.04,28.75,12.11,42.35,0.09,0
28.3,28.14,28.59,28.31,12.44,42.65,0.29,0
57.4,57.69,57.94,57.36,12.61,24.16,0.54,0
70.09,69.67,71.73,71.02,12.26,23.03,1.65,0
33.57,33.13,33.43,33.09,12.52,41.96,0.15,0
67.43,67.38,66.6,65.94,12.15,52.32,0.82,0
54.56,54.69,95.85,94.9,14.34,96.29,41.29,1
40.33,39.8,41.09,40.68,12.33,40.79,0.76,0
66.16,65.02,67.46,66.79,14.4,38.17,1.3,0
45.97,45.08,46.97,46.5,14.26,52.6,1.0,0
48.41,47.83,48.08,47.59,13.04,31.82,0.33,0
36.63,36.26,35.82,35.46,14.41,59.99,0.81,0
27.98,28.36,28.39,28.1,14.25,50.24,0.41,0
74.47,75.32,73.04,72.3,12.12,38.33,1.43,0
42.92,43.65,41.38,40.97,13.16,28.83,1.54,0
30.93,31.21,29.45,29.16,11.11,29.32,1.47,0
61.6,61.55,62.53,61.9,12.18,23.02,0.93,0
56.42,56.11,55.58,55.03,11.89,37.52,0.84,0
68.33,67.82,68.86,68.17,12.93,36.16,0.53,0
79.36,79.17,80.3,79.5,11.05,21.72,0.94,0
33.1,32.91,34.61,34.27,13.54,33.59,1.51,0
31.45,31.53,29.57,29.27,11.03,37.22,1.88,0
41.56,41.79,39.88,39.48,12.43,50.23,1.69,0
21.71,21.45,20.38,20.18,12.75,23.48,1.33,0
64.89,65.54,63.02,62.39,11.66,57.99,1.86,0
28.79,28.22,29.27,28.98,11.16,20.39,0.48,0
31.16,30.55,32.63,32.3,12.47,20.73,1.46,0
54.42,54.48,55.31,54.76,13.26,38.0,0.89,0
36.8,36.3,36.05,35.69,11.58,36.18,0.76,0
59.02,59.39,58.24,57.65,13.27,23.31,0.78,0
55.46,55.02,54.83,54.28,11.28,45.21,0.63,0
46.71,46.82,47.92,47.44,12.49,33.97,1.21,0
39.38,38.77,38.18,37.79,11.16,38.34,1.2,0
51.44,51.09,51.63,51.11,13.05,56.81,0.19,0
67.85,68.64,67.98,67.3,11.67,49.76,0.13,0
76.72,75.73,75.81,75.05,11.93,42.6,0.91,0
72.72,73.59,137.94,136.56,13.71,128.03,65.21,1
75.38,76.14,75.47,74.72,13.6,30.86,0.09,0
30.77,30.8,32.38,32.06,12.66,34.67,1.61,0
35.0,35.09,34.29,33.95,11.48,23.47,0.71,0
32.78,32.25,34.5,34.15,11.36,25.37,1.71,0
47.18,46.69,48.74,48.25,13.05,28.56,1.56,0
28.15,28.08,29.78,29.49,11.23,59.76,1.63,0
73.41,72.25,73.0,72.27,14.47,26.57,0.41,0
51.16,51.69,53.02,52.49,13.9,36.33,1.86,0
55.5,56.56,55.36,54.81,14.19,24.41,0.13,0
36.66,36.09,38.31,37.93,13.41,35.42,1.65,0
24.28,23.97,22.45,22.22,14.43,50.86,1.84,0
55.43,55.05,55.43,54.88,13.49,40.94,0.0,0
67.4,67.34,67.38,66.71,12.85,53.12,0.02,0
66.69,65.86,105.87,104.81,14.57,129.82,39.18,1
26.02,26.18,97.55,96.58,13.81,158.22,71.53,1
38.79,38.93,37.99,37.61,13.25,24.08,0.79,0
75.83,75.11,77.3,76.52,11.32,41.42,1.47,0
78.95,78.62,77.08,76.31,13.98,34.31,1.87,0
49.32,48.6,50.95,50.44,12.35,47.16,1.63,0
54.43,53.62,55.65,55.1,14.19,58.91,1.22,0
57.1,57.55,56.99,56.42,11.52,50.74,0.11,0
59.34,58.58,60.74,60.13,11.65,59.4,1.4,0
58.54,58.38,58.66,58.07,11.99,22.61,0.12,0
22.36,22.03,22.06,21.84,14.23,38.07,0.3,0
68.04,68.65,67.52,66.84,11.69,54.84,0.52,0
54.12,54.32,54.86,54.31,11.48,46.12,0.74,0
52.37,52.69,53.98,53.44,12.93,55.82,1.61,0
20.88,20.83,19.48,19.28,14.35,44.83,1.4,0
68.62,68.12,68.62,67.93,11.82,27.11,0.0,0
43.12,42.33,44.84,44.39,13.11,21.84,1.72,0
35.03,34.7,33.2,32.87,11.54,33.05,1.84,0
24.35,23.96,23.22,22.99,12.76,46.12,1.13,0
37.84,37.32,38.53,38.15,14.19,51.5,0.69,0
31.43,31.51,30.52,30.22,11.75,48.29,0.91,0
62.01,61.07,61.65,61.04,11.33,27.09,0.36,0
78.59,78.28,80.02,79.22,12.35,46.23,1.43,0
25.72,26.14,27.24,26.97,12.92,42.52,1.52,0
35.36,35.15,36.48,36.11,14.21,49.03,1.11,0
52.52,51.89,50.84,50.33,12.54,33.24,1.69,0
35.75,35.33,36.65,36.28,12.67,35.15,0.89,0
50.04,50.44,50.22,49.72,12.51,52.8,0.17,0
68.41,68.08,69.56,68.86,12.29,56.23,1.15,0
26.6,26.36,28.19,27.91,13.08,32.79,1.6,0
73.59,73.63,72.92,72.19,13.09,34.75,0.68,0
61.3,60.48,60.07,59.47,12.66,48.52,1.23,0
78.47,79.92,79.59,78.79,13.08,26.29,1.12,0
72.38,70.99,71.8,71.08,14.09,38.11,0.58,0
48.38,49.06,47.44,46.97,12.4,30.65,0.94,0
25.65,25.88,24.8,24.55,13.76,35.99,0.85,0
32.85,33.07,31.15,30.84,12.13,36.16,1.7,0
61.35,62.42,60.74,60.13,13.56,21.28,0.61,0
44.92,44.53,44.64,44.19,12.73,54.87,0.28,0
36.53,36.09,37.62,37.25,14.33,45.81,1.09,0
70.68,71.86,71.84,71.13,14.34,28.98,1.17,0
40.71,41.01,41.26,40.85,12.87,27.68,0.55,0
48.25,47.87,47.98,47.5,11.9,38.05,0.27,0
22.09,22.17,23.74,23.51,11.99,31.94,1.65,0
52.67,51.91,53.24,52.7,12.6,51.1,0.57,0
66.75,65.58,68.72,68.03,14.14,30.37,1.97,0
22.84,22.74,22.41,22.19,11.66,38.41,0.43,0
44.31,44.34,42.76,42.33,12.45,27.76,1.55,0
29.64,29.88,30.53,30.22,14.3,43.05,0.89,0
63.56,64.15,63.47,62.84,12.83,51.43,0.08,0
56.12,56.43,55.17,54.62,12.98,39.96,0.95,0
42.17,41.92,40.97,40.56,14.45,42.82,1.2,0
35.31,34.94,36.93,36.56,11.92,57.33,1.62,0
40.42,40.03,41.87,41.45,12.91,23.95,1.45,0
77.61,78.43,77.45,76.68,13.32,22.64,0.16,0
37.61,38.35,38.5,38.11,11.04,56.37,0.88,0
20.52,20.15,19.95,19.75,11.52,50.34,0.56,0
53.91,54.86,54.34,53.79,12.18,44.92,0.42,0
77.58,77.55,77.68,76.9,12.02,32.79,0.1,0
50.13,50.87,51.56,51.04,13.78,57.57,1.43,0
49.31,49.6,50.8,50.29,13.15,22.81,1.49,0
74.3,74.22,140.42,139.01,14.32,48.27,66.12,1
52.18,51.75,51.08,50.57,13.96,48.35,1.1,0
59.97,59.04,58.57,57.98,12.69,56.17,1.4,0
55.62,56.06,56.29,55.72,12.03,36.08,0.67,0
33.64,33.92,34.99,34.64,14.06,53.9,1.35,0
23.74,24.01,25.33,25.08,14.13,23.26,1.59,0
42.6,43.13,43.78,43.34,13.79,55.33,1.18,0
61.2,60.9,60.9,60.29,13.31,45.78,0.3,0
23.6,24.0,23.17,22.94,11.61,59.91,0.43,0
79.83,79.3,81.77,80.95,14.32,58.58,1.93,0
31.24,31.57,32.54,32.22,13.07,43.69,1.3,0
62.92,62.35,61.86,61.24,12.99,50.28,1.06,0
20.06,20.32,21.95,21.73,11.78,34.24,1.89,0
35.98,35.6,36.37,36.0,11.57,48.16,0.39,0
64.18,63.58,65.61,64.96,14.34,24.68,1.43,0
35.39,34.72,34.04,33.7,13.45,51.25,1.35,0
69.98,70.56,70.12,69.42,14.21,36.92,0.15,0
74.4,74.07,75.82,75.06,14.18,53.71,1.42,0
51.52,52.46,53.23,52.7,14.37,52.74,1.71,0
23.31,23.15,24.38,24.13,13.27,47.92,1.07,0
41.79,41.35,41.27,40.86,12.67,31.12,0.52,0
68.82,69.84,120.06,118.86,16.72,105.21,51.25,1
78.57,78.54,76.98,76.21,11.33,54.58,1.59,0
28.2,28.11,28.43,28.15,12.79,50.76,0.23,0
42.64,43.09,43.81,43.37,11.7,42.97,1.17,0
54.24,54.88,56.19,55.63,14.15,50.01,1.94,0
24.25,24.26,24.43,24.18,11.96,21.31,0.18,0
68.04,68.63,66.69,66.02,12.82,52.17,1.36,0
67.96,68.27,67.19,66.52,11.37,25.89,0.77,0
27.92,28.2,26.84,26.57,11.75,48.7,1.08,0
50.48,50.85,48.85,48.37,13.47,31.3,1.62,0
64.17,63.06,64.98,64.33,12.66,34.6,0.81,0
48.91,48.07,47.15,46.68,13.75,51.58,1.75,0
70.11,69.18,69.02,68.33,12.59,34.67,1.09,0
26.85,27.31,25.0,24.75,12.51,43.49,1.85,0
22.34,22.04,20.85,20.65,13.69,52.08,1.48,0
25.04,25.45,25.88,25.62,11.44,57.41,0.84,0
73.31,74.61,74.08,73.34,12.67,34.31,0.77,0
22.86,22.46,56.87,56.3,13.52,212.78,34.01,1
56.65,57.52,55.92,55.36,12.39,35.26,0.73,0
50.97,50.31,50.45,49.95,13.06,31.24,0.52,0
61.88,61.22,62.34,61.72,12.38,32.7,0.47,0
55.85,55.14,55.55,55.0,11.9,25.84,0.3,0
54.32,54.76,55.9,55.34,11.56,59.93,1.58,0
35.92,36.14,89.17,88.27,12.54,186.18,53.24,1
20.39,20.48,22.39,22.16,14.28,37.92,1.99,0
41.17,40.41,40.36,39.95,14.15,30.72,0.81,0
42.42,42.75,41.99,41.57,14.48,58.32,0.44,0
27.73,27.91,28.1,27.82,11.73,32.03,0.38,0
62.29,61.75,60.61,60.0,13.39,41.07,1.68,0
38.61,38.6,39.95,39.55,12.72,34.04,1.34,0
79.32,78.96,78.28,77.5,13.84,21.71,1.04,0
75.27,75.97,74.38,73.63,13.25,48.85,0.89,0
49.77,49.45,51.45,50.94,14.43,56.92,1.68,0
42.98,43.42,44.51,44.07,13.96,26.63,1.53,0
35.12,34.66,33.39,33.06,12.23,58.55,1.73,0
31.65,31.63,29.9,29.6,11.15,30.85,1.75,0
35.74,36.03,34.97,34.62,12.49,44.14,0.77,0
21.15,21.39,19.22,19.03,13.11,36.03,1.93,0
63.5,63.54,63.36,62.72,13.83,39.18,0.14,0
70.36,69.17,71.2,70.48,12.7,35.39,0.83,0
75.71,75.53,75.6,74.85,13.65,22.62,0.1,0
75.65,74.94,75.99,75.23,11.97,26.17,0.34,0
53.5,53.23,100.94,99.93,14.21,23.36,47.44,1
23.62,23.92,97.4,96.42,16.78,85.07,73.78,1
32.21,31.99,33.64,33.3,12.66,54.27,1.43,0
73.29,73.06,74.74,73.99,12.62,41.99,1.46,0
33.59,33.19,31.95,31.63,11.04,24.44,1.63,0
66.57,67.76,66.94,66.27,13.15,22.18,0.36,0
46.96,47.82,48.14,47.66,12.71,37.75,1.18,0
45.44,45.08,44.16,43.71,14.39,41.28,1.28,0
63.71,62.57,62.52,61.9,13.13,57.15,1.19,0
34.66,34.46,32.69,32.36,11.29,39.08,1.97,0
42.86,42.45,43.95,43.52,14.46,48.96,1.09,0
23.15,22.74,24.94,24.69,12.28,55.28,1.79,0
24.24,24.03,22.39,22.17,11.23,20.92,1.85,0
54.97,55.74,53.8,53.26,14.44,23.61,1.17,0
30.11,30.08,29.74,29.44,13.85,22.87,0.37,0
49.09,49.38,50.86,50.35,13.3,25.97,1.76,0
34.86,35.18,36.35,35.99,13.16,48.94,1.49,0
64.02,62.86,65.89,65.23,11.74,37.91,1.87,0
66.18,65.05,67.78,67.1,14.11,51.8,1.6,0
51.79,50.81,53.4,52.87,12.84,57.91,1.61,0
37.92,38.19,38.64,38.25,11.8,24.53,0.72,0
69.15,69.82,68.51,67.83,13.35,40.84,0.64,0
50.23,50.13,51.82,51.31,11.03,29.08,1.6,0
70.61,70.41,68.78,68.09,11.13,20.77,1.83,0
33.88,34.06,33.69,33.35,11.75,50.79,0.18,0
60.71,61.48,59.73,59.13,11.03,39.02,0.98,0
30.63,30.3,30.48,30.17,12.15,59.33,0.15,0
78.22,77.62,78.9,78.11,13.91,54.09,0.67,0
76.76,77.36,77.07,76.3,12.1,31.95,0.32,0
26.58,26.35,27.26,26.98,14.05,40.52,0.67,0
60.01,59.28,58.24,57.66,13.57,47.82,1.77,0
69.9,70.93,69.72,69.02,12.6,59.99,0.18,0
75.35,76.34,74.11,73.37,11.8,49.6,1.24,0
34.38,34.41,34.71,34.36,12.47,56.5,0.33,0
35.24,35.81,36.28,35.91,13.67,50.52,1.04,0
70.86,70.45,72.48,71.76,12.37,51.64,1.62,0
40.96,40.98,41.01,40.6,11.12,37.52,0.04,0
61.3,60.63,60.93,60.32,12.78,38.69,0.37,0
76.4,77.85,143.38,141.95,11.68,69.67,66.98,1
75.8,74.75,77.54,76.76,11.76,25.6,1.74,0
69.09,69.02,67.18,66.51,13.11,57.07,1.91,0
53.57,54.3,53.42,52.88,13.0,24.92,0.15,0
37.52,37.33,35.73,35.37,12.04,35.39,1.79,0
71.0,69.87,69.01,68.32,14.32,20.72,1.99,0
34.6,34.25,35.36,35.0,11.37,34.4,0.76,0
61.91,61.94,63.84,63.2,13.18,25.58,1.92,0
47.49,47.36,46.5,46.03,12.55,28.92,0.99,0
70.85,71.79,68.91,68.23,13.46,21.65,1.94,0
36.23,36.65,37.03,36.66,12.18,31.54,0.8,0
74.5,75.01,75.2,74.45,13.07,48.86,0.7,0
60.82,61.36,59.29,58.7,12.82,50.73,1.53,0
29.39,28.86,28.94,28.65,14.45,38.22,0.45,0
42.53,43.1,44.24,43.8,12.22,51.2,1.72,0
63.21,61.97,63.74,63.1,11.87,59.67,0.53,0
56.7,55.7,58.65,58.07,14.23,50.55,1.95,0
55.54,56.48,53.64,53.11,14.19,58.13,1.9,0
75.01,74.83,75.38,74.62,11.85,46.22,0.37,0
72.7,73.82,130.27,128.97,16.91,30.43,57.56,1
46.21,46.51,47.35,46.88,12.03,54.91,1.14,0
74.84,74.96,76.04,75.28,13.75,51.65,1.2,0
63.69,63.64,62.73,62.1,11.77,21.31,0.96,0
57.5,56.9,59.36,58.77,11.41,22.48,1.86,0
21.16,21.1,21.0,20.79,11.52,34.0,0.16,0
28.05,28.13,27.08,26.81,14.05,41.37,0.97,0
35.23,35.19,35.43,35.07,13.0,43.01,0.2,0
24.13,23.97,23.12,22.89,11.6,38.25,1.02,0
60.91,61.43,61.72,61.1,12.2,22.61,0.81,0
43.72,43.8,43.63,43.2,12.79,28.35,0.08,0
73.11,73.83,72.26,71.54,11.92,30.42,0.86,0
74.4,73.45,74.74,73.99,11.27,36.24,0.34,0
26.59,26.45,27.71,27.43,13.26,46.31,1.12,0
66.05,65.21,64.58,63.94,14.04,42.82,1.46,0
37.37,37.46,37.8,37.42,13.55,50.52,0.43,0
27.19,26.76,25.91,25.65,14.11,20.95,1.28,0
28.17,28.15,27.09,26.82,11.35,53.61,1.08,0
37.36,37.5,36.79,36.42,12.46,58.54,0.57,0
56.93,56.75,56.38,55.82,12.72,22.35,0.54,0
63.69,62.96,64.68,64.03,11.03,33.91,0.99,0
56.16,55.77,56.96,56.39,11.54,48.54,0.8,0
53.25,52.69,55.23,54.67,11.15,34.97,1.97,0
27.1,26.71,27.3,27.03,13.99,45.95,0.2,0
45.55,45.57,44.85,44.41,14.1,57.39,0.7,0
37.93,38.57,39.22,38.83,12.86,40.44,1.29,0
45.92,45.87,47.74,47.26,11.22,33.44,1.82,0
56.05,55.11,54.35,53.8,11.19,53.47,1.71,0
26.19,25.93,25.45,25.19,12.53,28.39,0.74,0
69.22,68.08,68.77,68.09,13.7,57.71,0.45,0
48.75,48.77,49.42,48.92,11.21,37.74,0.67,0
29.9,30.48,29.66,29.36,11.38,31.59,0.25,0
78.9,78.69,77.06,76.28,11.12,47.36,1.84,0
56.68,56.37,56.19,55.63,12.06,20.93,0.49,0
58.58,59.41,59.51,58.92,12.65,23.88,0.93,0
49.1,48.72,50.72,50.21,14.23,53.4,1.62,0
30.18,30.08,30.06,29.76,13.62,42.41,0.12,0
40.62,39.85,39.69,39.29,12.95,56.62,0.93,0
51.35,51.55,49.44,48.95,11.17,50.08,1.91,0
51.15,51.23,52.2,51.68,13.36,37.46,1.05,0
23.31,22.87,24.76,24.52,12.87,27.79,1.46,0
40.38,40.53,41.46,41.04,14.33,44.99,1.08,0
44.74,44.44,93.48,92.55,15.48,172.28,48.74,1
25.77,25.28,26.29,26.02,14.22,33.16,0.52,0
71.21,72.01,70.29,69.59,11.63,54.52,0.92,0
65.74,66.97,67.17,66.5,11.92,48.56,1.43,0
53.28,52.43,53.28,52.75,11.24,33.2,0.01,0
29.55,29.36,27.73,27.45,13.89,34.21,1.83,0
40.81,40.15,41.72,41.3,13.34,58.05,0.9,0
57.68,58.8,56.61,56.04,13.45,43.4,1.07,0
63.65,62.91,65.02,64.37,11.59,35.47,1.37,0
21.22,20.89,20.76,20.55,11.09,51.34,0.46,0
28.14,27.74,26.77,26.5,13.56,24.39,1.37,0
47.52,47.16,47.05,46.58,12.59,43.86,0.47,0
49.78,50.63,51.45,50.93,12.36,59.41,1.67,0
60.36,60.01,60.29,59.68,11.55,32.08,0.08,0
60.19,60.15,60.47,59.87,13.54,28.15,0.28,0
62.22,62.57,62.96,62.33,12.17,51.19,0.74,0
63.54,63.29,63.12,62.49,11.55,38.28,0.42,0
69.27,68.36,142.12,140.7,11.19,69.48,72.85,1
61.0,59.96,60.46,59.85,13.13,54.04,0.54,0
28.7,28.49,28.99,28.7,13.36,38.53,0.28,0
21.19,21.47,21.13,20.92,12.95,36.47,0.06,0
21.9,22.22,23.58,23.34,13.66,34.17,1.68,0
22.92,22.71,24.72,24.47,13.2,35.3,1.8,0
37.35,36.8,39.23,38.84,11.68,21.93,1.88,0
70.43,71.49,69.44,68.75,13.57,59.89,0.99,0
52.3,53.27,51.73,51.21,12.37,36.98,0.57,0
30.72,30.94,30.62,30.31,12.83,45.52,0.1,0
50.0,49.56,122.83,121.6,11.95,20.27,72.83,1
36.59,37.0,36.99,36.62,11.94,27.88,0.4,0
78.83,79.47,77.97,77.19,12.61,39.64,0.85,0
55.18,56.05,56.99,56.42,14.19,26.73,1.81,0
42.7,42.25,42.3,41.88,13.94,41.56,0.39,0
25.65,25.34,60.62,60.01,13.2,37.33,34.97,1
41.1,40.72,40.73,40.33,14.11,45.46,0.37,0
47.06,46.68,45.62,45.16,12.72,40.96,1.44,0
71.39,71.18,69.45,68.76,12.82,54.75,1.94,0
36.78,36.43,36.61,36.24,11.0,24.6,0.17,0
68.48,69.24,70.12,69.42,11.92,31.85,1.64,0
68.18,69.21,69.74,69.04,13.52,40.88,1.56,0
48.1,47.22,47.15,46.68,14.12,21.3,0.95,0
29.98,30.24,28.74,28.45,13.14,38.84,1.24,0
68.49,69.43,68.74,68.06,12.21,26.42,0.25,0
77.17,76.7,76.06,75.3,14.43,44.73,1.11,0
59.77,59.26,58.38,57.79,11.54,32.84,1.39,0
32.46,32.43,32.44,32.12,12.83,51.75,0.02,0
74.46,73.52,111.15,110.03,11.16,108.13,36.69,1
23.28,22.83,24.42,24.18,11.16,42.17,1.14,0
27.09,27.26,27.08,26.8,11.66,56.12,0.01,0
74.4,74.56,73.0,72.27,12.21,37.99,1.39,0
26.19,25.96,26.18,25.92,14.26,20.97,0.01,0
53.0,53.95,53.12,52.58,14.34,31.5,0.11,0
25.26,25.02,26.93,26.66,11.18,33.59,1.67,0
50.47,51.35,49.64,49.15,12.31,26.63,0.83,0
27.21,27.08,28.52,28.24,13.33,55.03,1.32,0
71.62,72.37,70.87,70.17,12.94,24.35,0.74,0
54.18,53.43,52.78,52.25,11.37,40.09,1.4,0
43.56,43.15,44.81,44.36,12.04,20.71,1.25,0
21.55,21.39,22.61,22.38,13.22,47.66,1.05,0
58.37,58.93,57.02,56.45,13.47,23.88,1.36,0
41.21,41.07,39.28,38.88,12.34,28.07,1.94,0
20.38,20.61,20.38,20.18,12.84,58.19,0.0,0
65.19,65.08,65.51,64.85,13.33,31.18,0.32,0
32.65,32.26,34.64,34.3,13.94,33.05,2.0,0
40.71,39.93,39.88,39.48,11.05,32.93,0.84,0
30.13,30.43,30.9,30.59,12.06,42.08,0.77,0
79.17,78.93,79.3,78.5,11.02,38.3,0.13,0
36.86,36.78,38.59,38.2,11.6,38.04,1.73,0
30.44,30.66,28.46,28.18,14.32,59.41,1.98,0
55.92,55.91,89.22,88.33,13.45,103.26,33.3,1
24.86,24.54,22.94,22.71,11.25,35.5,1.92,0
24.34,24.35,23.74,23.51,12.61,46.86,0.59,0
46.32,45.66,44.38,43.93,11.24,58.29,1.94,0
51.17,51.81,51.01,50.5,12.72,59.29,0.16,0
57.54,56.92,55.67,55.11,12.46,57.78,1.87,0
31.78,31.76,32.03,31.71,13.6,52.91,0.24,0
37.62,37.47,39.58,39.18,13.71,51.99,1.96,0
39.57,38.92,41.11,40.7,11.88,30.6,1.54,0
70.19,70.22,131.17,129.85,15.48,87.27,60.97,1
68.53,69.58,68.38,67.7,14.41,49.18,0.15,0
52.52,53.33,51.46,50.94,13.81,20.3,1.06,0
50.04,49.06,48.78,48.3,14.27,20.61,1.26,0
63.32,62.78,63.11,62.48,13.79,39.78,0.2,0
64.78,66.07,66.13,65.46,13.7,40.36,1.34,0
56.72,57.67,56.58,56.02,11.08,29.87,0.14,0
45.3,44.42,45.0,44.55,12.75,57.14,0.3,0
34.55,35.24,35.73,35.37,13.59,24.82,1.18,0
44.64,44.86,43.55,43.11,13.12,45.41,1.09,0
32.24,32.22,31.7,31.38,13.55,55.46,0.55,0
21.3,21.05,19.66,19.46,12.97,59.25,1.64,0
42.56,43.37,43.08,42.65,13.82,39.21,0.52,0
78.85,78.09,79.94,79.14,12.35,52.16,1.1,0
29.95,29.45,28.59,28.3,11.75,32.17,1.36,0
71.67,72.81,70.83,70.12,12.33,26.66,0.84,0
51.88,50.87,50.23,49.72,12.79,51.19,1.65,0
52.08,51.75,52.38,51.86,13.22,36.84,0.31,0
32.96,32.54,31.27,30.96,12.15,43.2,1.69,0
29.13,29.41,29.04,28.75,11.37,48.22,0.1,0
41.01,41.1,39.45,39.06,11.16,20.96,1.56,0
69.04,68.87,71.0,70.29,12.26,40.82,1.96,0
79.83,80.49,81.12,80.31,11.41,34.04,1.29,0
61.65,61.84,63.12,62.49,13.38,53.98,1.47,0
30.76,31.09,30.64,30.34,13.61,21.05,0.12,0
65.4,65.31,65.88,65.22,12.83,54.51,0.47,0
63.38,63.73,62.64,62.01,14.11,48.71,0.74,0
64.03,62.81,64.94,64.29,11.58,46.24,0.91,0
51.28,50.99,51.94,51.42,11.02,24.27,0.66,0
29.37,29.93,29.52,29.22,12.54,33.45,0.14,0
27.97,28.17,28.71,28.42,13.17,31.17,0.74,0
67.96,67.7,66.14,65.48,13.53,23.34,1.82,0
55.06,55.52,53.21,52.68,12.5,32.61,1.85,0
65.09,64.26,64.31,63.66,11.49,36.92,0.79,0
25.89,26.32,26.7,26.43,12.79,44.52,0.81,0
33.07,33.19,31.89,31.58,11.77,32.87,1.18,0
20.81,20.46,19.95,19.75,12.86,46.58,0.86,0
37.07,36.66,38.38,37.99,13.5,41.01,1.31,0
63.65,63.29,63.85,63.21,13.11,39.46,0.2,0
27.5,27.17,27.82,27.54,13.43,59.07,0.31,0
33.39,33.44,31.91,31.59,11.78,29.11,1.49,0
62.47,63.47,62.42,61.79,11.87,21.91,0.06,0
71.58,70.93,69.84,69.14,13.19,40.93,1.74,0
41.75,41.39,41.71,41.3,11.9,24.41,0.04,0
32.69,32.27,30.76,30.45,13.74,54.8,1.93,0
23.92,24.17,25.53,25.28,12.47,38.77,1.61,0
50.49,50.86,49.11,48.61,13.01,40.03,1.38,0
69.15,67.91,68.81,68.12,11.01,34.85,0.34,0
50.45,50.46,48.79,48.3,11.47,56.12,1.66,0
76.54,77.89,74.68,73.93,12.08,26.01,1.86,0
72.05,71.47,72.9,72.17,12.79,29.05,0.84,0
35.35,34.83,35.16,34.81,14.34,57.39,0.19,0
21.09,21.01,22.25,22.02,11.0,34.14,1.16,0
25.89,25.46,24.81,24.56,13.35,56.62,1.09,0
43.81,44.1,43.66,43.23,11.91,27.24,0.15,0
74.95,75.78,74.62,73.87,12.35,52.77,0.33,0
66.97,66.28,67.0,66.33,12.32,55.17,0.02,0
39.54,40.32,40.06,39.66,11.46,39.75,0.52,0
55.47,55.02,56.92,56.36,13.36,37.35,1.45,0
32.55,32.48,33.09,32.76,12.56,56.46,0.54,0
39.32,39.88,39.62,39.22,13.64,40.25,0.3,0
74.72,73.31,74.34,73.6,12.74,20.27,0.38,0
22.37,22.36,21.11,20.9,11.26,22.27,1.26,0
70.18,69.5,71.62,70.9,12.4,35.41,1.44,0
71.13,71.42,70.34,69.64,13.63,23.28,0.78,0
38.14,37.46,37.29,36.92,12.01,23.02,0.86,0
55.08,54.59,53.9,53.36,13.83,40.18,1.17,0
34.24,34.38,32.65,32.32,14.46,44.66,1.6,0
63.04,63.38,61.05,60.44,12.47,22.47,1.99,0
60.27,61.39,60.45,59.84,13.8,52.75,0.18,0
49.0,49.13,50.64,50.14,11.65,52.92,1.64,0
57.89,58.58,56.91,56.34,11.09,50.54,0.98,0
58.55,59.39,60.15,59.55,13.04,57.64,1.6,0
28.7,28.32,29.78,29.48,12.1,53.91,1.08,0
22.59,22.71,24.26,24.02,11.31,43.73,1.67,0
60.64,60.75,58.77,58.19,11.2,40.21,1.87,0
73.52,74.33,73.54,72.81,12.07,44.21,0.03,0
21.09,20.84,21.47,21.26,11.47,30.01,0.38,0
48.36,47.99,47.7,47.23,12.91,54.39,0.66,0
76.51,77.85,77.33,76.56,14.29,40.51,0.82,0
59.47,60.49,57.91,57.33,14.39,45.35,1.55,0
69.58,68.53,71.42,70.71,11.81,42.89,1.84,0
46.81,46.02,48.26,47.78,11.45,32.88,1.46,0
58.32,59.48,60.1,59.5,13.81,25.4,1.79,0
47.67,48.18,103.07,102.04,11.4,86.37,55.4,1
50.16,50.99,107.19,106.12,15.67,92.03,57.03,1
55.86,56.05,55.62,55.06,13.52,43.63,0.24,0
71.08,70.14,71.67,70.96,13.37,22.05,0.6,0
44.05,44.71,43.19,42.75,12.43,30.64,0.86,0
75.98,75.64,74.32,73.57,13.43,56.51,1.67,0
31.85,31.76,30.71,30.4,13.54,51.29,1.14,0
41.28,41.4,39.66,39.26,11.33,29.25,1.63,0
67.8,68.69,66.75,66.08,11.97,42.6,1.05,0
45.04,45.61,47.03,46.56,14.18,56.46,1.99,0
47.35,47.39,121.44,120.23,14.1,199.33,74.09,1
67.0,66.15,66.52,65.86,11.45,40.14,0.48,0
39.96,40.75,41.74,41.33,13.39,38.94,1.78,0
56.02,55.47,54.99,54.44,14.15,30.01,1.03,0
65.97,66.57,67.53,66.86,14.21,22.83,1.56,0
35.53,35.28,35.41,35.05,11.14,35.59,0.12,0
68.85,70.03,67.39,66.71,12.29,50.98,1.46,0
43.18,43.04,41.86,41.44,11.63,43.44,1.32,0
51.3,51.02,50.2,49.7,14.48,35.4,1.1,0
51.4,51.66,49.92,49.42,13.96,47.02,1.48,0
42.0,42.49,42.02,41.6,12.56,44.65,0.02,0
50.17,51.05,49.93,49.43,13.06,39.34,0.24,0
37.03,37.34,37.53,37.15,13.55,42.04,0.5,0
22.4,22.43,20.7,20.49,11.54,33.1,1.7,0
48.96,48.22,48.51,48.02,12.83,47.28,0.45,0
77.75,77.94,79.59,78.79,12.15,59.5,1.84,0
20.63,20.39,49.32,48.83,14.72,55.34,28.69,1
21.58,21.81,21.13,20.92,11.51,49.27,0.45,0
36.69,36.87,38.13,37.75,12.06,35.76,1.44,0
48.6,47.77,49.34,48.85,12.13,20.41,0.75,0
38.26,37.85,36.69,36.32,12.21,56.12,1.57,0
40.41,40.18,41.17,40.76,11.84,21.24,0.76,0
41.42,42.15,41.43,41.02,13.55,54.96,0.01,0
73.3,73.44,74.93,74.18,13.58,30.41,1.63,0
59.69,59.95,59.06,58.47,13.81,46.78,0.62,0
38.42,39.05,40.16,39.76,14.28,52.87,1.74,0
22.84,23.01,21.95,21.73,13.13,24.02,0.88,0
40.99,40.56,41.97,41.55,11.89,36.2,0.98,0
41.12,40.35,39.56,39.17,11.41,23.81,1.56,0
71.39,71.06,69.88,69.18,11.68,34.32,1.5,0
32.3,32.03,32.56,32.24,11.81,52.44,0.26,0
38.13,38.72,36.89,36.52,11.55,48.2,1.24,0
55.56,56.62,55.84,55.28,12.91,29.1,0.28,0
40.26,40.95,41.77,41.35,14.17,48.21,1.51,0
71.67,70.37,70.53,69.82,11.16,21.36,1.14,0
42.42,42.49,42.23,41.81,12.21,57.9,0.19,0
60.23,60.7,62.12,61.5,11.6,46.1,1.89,0
42.51,42.24,40.74,40.33,11.43,50.42,1.77,0
44.61,44.51,46.42,45.96,13.49,27.08,1.82,0
79.71,78.91,80.49,79.68,14.5,41.21,0.78,0
73.69,75.12,72.02,71.3,11.36,32.56,1.67,0
48.48,48.11,50.45,49.95,11.3,36.85,1.97,0
66.33,66.55,65.59,64.93,12.66,43.44,0.74,0
37.51,38.09,36.85,36.48,13.94,58.36,0.66,0
58.85,58.04,59.5,58.91,11.07,37.6,0.66,0
50.3,50.76,49.92,49.42,13.33,49.9,0.38,0
77.49,76.26,78.22,77.43,12.37,50.1,0.72,0
70.91,72.22,68.93,68.24,12.34,24.49,1.98,0
24.07,23.62,25.55,25.3,13.31,41.65,1.49,0
76.91,77.43,77.12,76.34,12.93,39.74,0.21,0
76.15,75.84,78.14,77.36,12.26,20.43,1.98,0
29.41,29.61,30.23,29.93,12.42,56.14,0.82,0
57.76,57.53,56.6,56.03,12.21,28.81,1.17,0
44.93,44.09,43.56,43.12,12.09,31.38,1.37,0
39.4,38.98,38.53,38.15,13.91,45.44,0.87,0
41.26,40.99,40.47,40.07,11.05,32.53,0.78,0
64.8,65.57,63.91,63.27,11.27,44.61,0.9,0
27.05,26.63,100.16,99.15,11.39,88.51,73.1,1
48.25,48.36,46.39,45.93,11.84,45.46,1.86,0
28.79,29.26,26.87,26.6,12.09,31.03,1.91,0
36.62,37.27,37.46,37.09,11.46,34.18,0.84,0
58.62,57.48,59.82,59.23,11.7,48.53,1.21,0
27.3,27.31,28.69,28.4,11.01,59.43,1.39,0
21.54,21.12,21.01,20.8,12.33,38.13,0.53,0
72.05,72.22,73.45,72.71,12.34,40.56,1.4,0
41.79,42.57,42.87,42.44,12.66,22.03,1.08,0
69.6,70.67,69.4,68.71,12.32,27.21,0.2,0
79.01,79.51,80.01,79.21,12.95,26.4,1.0,0
31.61,31.65,30.39,30.09,13.34,32.05,1.22,0
40.68,40.37,39.27,38.88,14.26,23.96,1.41,0
50.34,50.58,50.44,49.94,12.59,54.37,0.1,0
74.58,73.93,73.98,73.24,13.47,37.14,0.6,0
40.0,39.97,38.49,38.1,11.59,53.5,1.52,0
60.54,59.96,61.19,60.57,11.88,57.17,0.65,0
77.2,77.41,78.61,77.82,12.93,27.36,1.41,0
41.83,41.21,41.18,40.76,11.79,26.32,0.65,0
42.39,42.44,42.7,42.28,11.95,26.48,0.31,0
51.6,52.02,51.77,51.25,14.13,44.37,0.16,0
55.98,55.0,55.25,54.7,13.38,46.23,0.73,0
74.57,75.16,75.27,74.52,12.58,47.48,0.7,0
67.67,66.39,69.39,68.7,13.9,26.26,1.72,0
41.95,41.73,41.84,41.42,13.97,46.83,0.11,0
41.77,41.99,43.69,43.26,13.56,47.81,1.92,0
30.67,30.46,31.57,31.26,13.87,56.5,0.91,0
79.53,80.74,150.54,149.03,11.03,185.03,71.01,1
22.52,22.65,21.9,21.68,11.61,34.65,0.63,0
53.84,52.83,54.35,53.8,13.33,36.78,0.5,0
31.96,32.56,31.35,31.04,13.99,37.73,0.6,0
22.49,22.75,21.96,21.74,14.37,21.59,0.53,0
56.52,57.24,56.92,56.35,13.4,42.69,0.4,0
50.97,51.11,50.59,50.08,12.08,33.37,0.38,0
50.24,50.04,50.65,50.14,11.64,27.16,0.41,0
79.75,81.28,78.6,77.82,13.42,36.32,1.15,0
45.51,45.65,43.89,43.45,12.12,59.73,1.62,0
71.41,71.74,72.17,71.45,12.95,31.83,0.77,0
22.41,22.2,22.95,22.72,12.26,50.75,0.54,0
48.57,49.12,47.86,47.38,12.8,48.63,0.71,0
64.16,64.24,64.48,63.84,13.39,38.06,0.32,0
74.24,73.75,75.16,74.41,11.73,20.6,0.92,0
29.29,29.32,27.67,27.4,13.69,33.94,1.62,0
41.4,40.91,40.55,40.15,11.37,48.18,0.85,0
53.56,53.58,53.43,52.89,12.62,23.6,0.13,0
25.93,26.34,24.17,23.92,13.86,48.42,1.76,0
23.17,23.1,24.73,24.48,11.15,33.13,1.56,0
63.78,64.8,95.1,94.15,12.91,122.54,31.32,1
49.34,49.37,48.52,48.04,12.14,42.46,0.82,0
27.53,28.04,28.12,27.84,14.17,41.52,0.6,0
66.32,66.06,64.87,64.23,13.41,38.61,1.44,0
41.08,40.97,42.73,42.3,11.59,28.17,1.64,0
41.41,41.91,39.59,39.19,13.04,23.12,1.83,0
59.29,59.05,59.23,58.63,14.12,32.11,0.06,0
48.2,47.89,47.03,46.56,12.36,59.37,1.17,0
73.48,72.97,75.07,74.32,13.41,44.53,1.59,0
20.67,20.78,18.87,18.68,13.85,59.66,1.8,0
54.61,54.21,55.16,54.6,12.93,25.48,0.55,0
35.71,35.04,37.37,36.99,14.07,52.62,1.66,0
20.56,20.5,22.13,21.91,14.13,51.17,1.57,0
38.16,37.42,37.38,37.0,14.45,26.94,0.78,0
21.52,21.38,20.84,20.63,11.89,28.88,0.69,0
25.8,25.39,24.41,24.17,13.63,56.9,1.39,0
75.65,74.96,74.42,73.68,13.65,30.73,1.23,0
37.51,37.59,36.22,35.85,14.32,32.48,1.3,0
69.42,68.75,68.2,67.52,12.28,56.19,1.22,0
38.34,37.92,37.84,37.46,11.04,51.79,0.5,0
42.78,42.59,44.31,43.86,13.61,47.66,1.52,0
50.34,51.3,87.94,87.06,15.44,168.96,37.6,1
45.47,46.36,44.76,44.32,11.34,59.97,0.7,0
52.28,52.94,52.69,52.16,11.46,46.68,0.41,0
64.3,65.29,65.35,64.69,14.35,33.16,1.04,0
52.71,52.39,53.82,53.28,11.77,27.7,1.11,0
34.12,33.75,32.61,32.29,13.89,30.3,1.5,0
25.57,25.54,26.7,26.43,12.8,30.06,1.13,0
27.21,27.3,26.5,26.23,11.58,33.82,0.72,0
23.31,23.01,24.58,24.34,13.63,54.6,1.27,0
74.92,75.84,76.66,75.89,13.17,58.89,1.74,0
79.19,78.79,81.02,80.21,12.64,52.33,1.84,0
74.95,74.23,74.85,74.11,14.38,49.21,0.09,0
32.77,32.8,31.43,31.12,11.66,59.44,1.33,0
39.62,39.24,39.72,39.32,13.75,21.33,0.1,0
67.64,66.43,68.13,67.45,12.38,21.19,0.49,0
65.25,65.03,120.32,119.11,15.95,93.13,55.06,1
59.51,58.36,59.3,58.71,13.1,49.23,0.21,0
74.8,74.75,73.51,72.77,12.64,24.77,1.29,0
47.98,48.4,48.47,47.99,11.95,59.86,0.49,0
57.2,56.75,56.39,55.83,13.26,21.1,0.81,0
75.16,74.77,73.65,72.92,13.42,52.45,1.5,0
58.77,58.7,59.42,58.82,12.17,48.95,0.64,0
31.53,31.2,33.33,33.0,13.5,43.47,1.8,0
50.36,49.38,49.9,49.41,14.32,36.73,0.46,0
20.72,20.87,20.31,20.11,12.23,48.64,0.41,0
58.68,59.23,58.23,57.64,13.4,51.36,0.46,0
74.49,75.19,72.56,71.84,11.44,48.31,1.93,0
29.35,29.57,28.09,27.81,11.13,55.84,1.26,0
35.67,35.96,34.89,34.54,11.98,39.87,0.78,0
30.41,30.24,30.59,30.29,13.74,37.47,0.19,0
44.52,44.52,45.29,44.83,12.96,38.15,0.77,0
76.88,75.71,76.45,75.69,11.9,23.4,0.42,0
75.14,76.14,77.11,76.34,11.42,53.61,1.97,0
54.18,54.84,54.75,54.2,13.78,25.24,0.57,0
41.38,41.69,40.17,39.77,13.96,57.94,1.21,0
41.75,42.3,41.66,41.24,14.26,21.2,0.1,0
22.33,22.31,21.32,21.11,12.94,55.76,1.01,0
58.58,58.45,59.04,58.45,11.46,33.14,0.46,0
37.18,37.16,35.26,34.91,12.69,38.12,1.92,0
78.66,79.31,77.41,76.63,14.0,49.34,1.26,0
57.05,56.06,56.18,55.62,11.27,42.81,0.86,0
35.39,35.73,37.33,36.95,11.85,42.29,1.94,0
24.25,24.73,23.09,22.86,14.12,24.08,1.16,0
66.65,67.73,66.98,66.31,13.38,41.95,0.32,0
41.31,41.94,40.75,40.34,11.12,58.69,0.56,0
49.97,49.48,50.92,50.41,12.79,47.16,0.94,0
68.38,67.7,69.27,68.57,11.13,20.7,0.89,0
20.54,20.4,19.19,19.0,11.26,43.99,1.34,0
56.85,57.21,57.57,56.99,11.24,47.42,0.71,0
62.72,62.13,61.25,60.64,12.78,33.22,1.47,0
67.35,67.29,69.15,68.46,14.35,21.42,1.8,0
64.3,64.36,64.41,63.77,11.92,57.35,0.11,0
37.72,37.06,36.09,35.73,13.05,40.5,1.63,0
23.0,23.17,21.75,21.53,14.21,28.35,1.25,0
65.11,66.21,65.09,64.44,13.07,39.85,0.02,0
47.92,48.62,48.74,48.25,11.38,34.42,0.81,0
69.01,70.3,68.4,67.72,13.78,33.81,0.61,0
53.84,53.39,52.65,52.12,13.73,23.27,1.19,0
50.26,49.91,49.41,48.91,12.97,42.25,0.86,0
64.77,64.12,63.63,62.99,11.24,44.06,1.15,0
36.4,36.14,38.34,37.96,13.67,46.02,1.95,0
32.33,32.11,30.55,30.25,14.24,43.97,1.77,0
68.32,67.44,67.04,66.37,12.05,58.69,1.28,0
28.29,28.37,30.06,29.76,12.31,33.43,1.77,0
40.78,40.0,39.83,39.44,13.9,43.01,0.94,0
54.4,54.38,53.95,53.41,12.87,56.87,0.45,0
68.4,67.53,70.2,69.5,13.39,50.42,1.8,0
49.51,48.9,50.51,50.01,12.44,46.09,1.01,0
52.62,53.44,52.87,52.34,11.52,24.23,0.25,0
78.22,78.13,78.52,77.74,11.18,32.78,0.3,0
69.33,70.52,67.59,66.91,13.97,26.07,1.74,0
58.1,57.85,59.32,58.73,13.53,38.66,1.22,0
64.46,64.28,64.9,64.26,13.13,34.54,0.44,0
54.46,54.8,110.1,109.0,12.86,206.14,55.64,1
38.46,38.24,36.97,36.6,12.09,52.84,1.5,0
78.92,79.49,76.99,76.22,12.98,30.19,1.93,0
54.4,54.66,55.71,55.15,12.33,24.28,1.3,0
62.51,63.32,60.78,60.17,11.91,58.7,1.73,0
27.13,27.2,27.36,27.09,12.41,27.45,0.23,0
49.82,50.17,48.02,47.54,13.14,54.96,1.8,0
48.29,47.35,46.61,46.14,11.02,47.13,1.68,0
71.38,70.72,70.45,69.75,14.15,33.58,0.93,0
75.23,74.41,76.98,76.21,13.16,37.63,1.75,0
52.02,52.17,52.61,52.08,11.12,33.04,0.59,0
49.03,48.79,48.58,48.09,12.07,53.88,0.46,0
27.6,27.85,26.01,25.75,12.48,38.01,1.59,0
32.11,32.01,31.57,31.25,12.43,22.98,0.55,0
77.79,78.82,79.18,78.38,13.4,31.19,1.38,0
68.46,69.05,67.79,67.11,13.47,54.36,0.67,0
42.76,42.1,44.69,44.24,13.59,31.52,1.94,0
44.54,44.39,46.24,45.78,14.46,24.35,1.7,0
58.5,57.45,59.56,58.97,12.78,45.72,1.06,0
58.66,58.52,59.1,58.51,11.31,23.38,0.45,0
23.81,24.11,23.85,23.61,11.32,52.12,0.04,0
56.28,56.14,55.39,54.83,12.1,35.95,0.89,0
51.1,50.98,50.51,50.01,11.87,24.52,0.58,0
46.48,47.05,48.37,47.88,12.07,20.57,1.89,0
24.2,23.74,25.85,25.59,11.3,33.48,1.65,0
49.13,48.61,47.57,47.1,12.26,21.24,1.55,0
62.4,62.69,63.51,62.87,11.6,46.39,1.1,0
21.22,21.42,20.25,20.05,12.98,27.43,0.97,0
71.67,71.77,71.64,70.92,11.36,30.49,0.03,0
27.37,27.06,27.19,26.92,11.25,44.82,0.18,0
77.94,78.3,78.1,77.31,11.39,20.04,0.15,0
32.62,33.15,31.3,30.98,11.06,39.98,1.32,0
47.76,48.62,47.35,46.88,11.7,24.63,0.41,0
72.37,73.52,72.73,72.0,11.55,37.47,0.35,0
40.63,39.82,41.82,41.4,11.58,31.14,1.2,0
57.09,55.94,55.69,55.13,13.21,58.7,1.4,0
20.8,20.5,19.46,19.27,12.68,28.34,1.34,0
70.53,71.73,69.5,68.8,13.07,50.58,1.03,0
24.27,24.23,25.23,24.98,12.1,34.03,0.96,0
58.71,58.35,59.28,58.68,11.68,42.55,0.57,0
36.74,37.09,35.43,35.07,13.8,47.25,1.31,0
38.99,38.64,37.25,36.88,14.29,31.54,1.74,0
23.43,23.04,24.94,24.69,14.33,45.51,1.51,0
35.07,35.25,33.76,33.42,13.2,21.89,1.32,0
48.59,48.79,50.55,50.04,13.82,42.49,1.96,0
70.49,71.2,70.58,69.87,12.88,59.07,0.09,0
77.06,77.01,77.92,77.14,11.08,38.53,0.85,0
63.25,63.56,63.28,62.64,12.39,38.77,0.02,0
21.96,22.15,21.89,21.67,14.0,21.13,0.08,0
57.56,57.26,55.74,55.19,12.62,43.58,1.82,0
78.97,79.15,78.2,77.42,12.1,34.78,0.77,0
78.28,78.13,76.72,75.95,13.55,23.56,1.55,0
42.2,43.0,40.95,40.54,12.17,37.94,1.25,0
50.43,50.88,50.51,50.0,11.98,52.39,0.07,0
24.13,24.37,24.6,24.35,11.43,20.13,0.47,0
59.17,58.37,58.24,57.66,13.91,53.11,0.93,0
52.21,52.74,51.17,50.65,11.21,27.48,1.04,0
52.33,52.66,53.33,52.8,12.78,27.38,1.0,0
38.98,39.3,37.88,37.5,12.08,56.24,1.11,0
26.07,25.96,25.19,24.94,11.36,20.14,0.88,0
75.81,75.86,74.92,74.17,13.51,34.97,0.9,0
77.14,78.24,76.62,75.85,12.69,40.0,0.52,0
38.85,39.61,37.18,36.81,12.27,26.37,1.68,0
46.13,45.32,47.61,47.14,13.34,41.58,1.48,0
51.79,51.8,91.24,90.32,13.09,206.55,39.44,1
59.85,59.23,57.99,57.41,13.14,44.91,1.85,0
71.1,72.23,70.45,69.75,13.04,29.95,0.65,0
41.07,41.64,42.2,41.77,12.77,23.09,1.12,0
28.49,28.28,76.75,75.98,16.99,196.74,48.26,1
73.4,72.06,74.35,73.6,14.2,26.24,0.95,0
32.12,31.95,31.35,31.04,12.21,36.42,0.77,0
63.07,62.06,61.41,60.79,12.75,34.91,1.66,0
34.74,34.33,34.3,33.96,13.56,30.35,0.43,0
67.39,68.65,65.53,64.87,12.06,55.88,1.87,0
46.52,46.39,47.12,46.64,13.36,27.0,0.59,0
79.29,77.9,77.61,76.83,11.04,37.58,1.68,0
29.1,29.1,29.93,29.63,12.5,32.6,0.83,0
57.18,56.48,56.57,56.0,11.69,31.2,0.61,0
49.31,49.95,49.36,48.86,14.22,42.27,0.05,0
43.76,44.26,42.97,42.54,13.13,56.86,0.79,0
60.73,61.2,60.92,60.31,14.28,39.29,0.19,0
57.04,58.09,55.37,54.82,11.23,43.99,1.66,0
77.96,77.12,78.66,77.87,12.83,53.87,0.7,0
79.86,78.48,80.45,79.65,14.45,50.56,0.6,0
36.62,36.76,36.42,36.06,12.2,36.08,0.2,0
38.76,39.44,39.37,38.97,14.0,50.84,0.6,0
27.27,27.73,26.6,26.34,13.51,36.24,0.67,0
65.34,66.59,63.37,62.73,14.14,24.36,1.97,0
29.89,30.01,28.27,27.99,12.08,40.41,1.62,0
75.71,74.94,75.0,74.25,12.95,28.72,0.71,0
45.68,46.48,43.89,43.45,13.98,33.26,1.79,0
79.65,80.19,80.61,79.81,12.66,26.28,0.96,0
56.63,56.28,57.46,56.88,11.55,30.5,0.83,0
68.51,68.64,67.44,66.77,13.51,34.47,1.06,0
79.54,78.26,81.0,80.19,11.67,39.31,1.46,0
67.65,68.04,128.77,127.48,13.47,209.3,61.12,1
39.78,39.63,40.63,40.22,13.67,26.22,0.85,0
42.5,42.73,40.58,40.17,13.15,48.24,1.92,0
45.13,46.01,44.22,43.77,12.01,47.76,0.91,0
35.4,35.33,35.43,35.07,11.6,51.43,0.03,0
68.76,67.51,70.52,69.82,11.34,41.08,1.76,0
28.09,28.28,27.96,27.68,11.48,37.8,0.12,0
24.94,24.55,26.82,26.55,11.31,23.35,1.87,0
24.45,24.14,22.91,22.68,13.48,28.75,1.54,0
34.7,34.6,36.28,35.92,13.27,40.42,1.58,0
72.94,72.25,73.98,73.24,14.33,41.21,1.03,0
37.66,38.0,37.81,37.43,12.23,43.02,0.15,0
37.06,36.36,36.47,36.1,11.54,53.82,0.59,0
57.84,57.41,59.62,59.02,11.84,38.96,1.77,0
35.1,34.51,67.3,66.63,12.78,140.51,32.2,1
70.1,70.93,70.7,70.0,14.44,25.85,0.61,0
32.99,33.6,31.13,30.82,13.18,39.04,1.85,0
57.19,57.37,58.26,57.68,12.76,46.83,1.07,0
65.1,65.67,66.38,65.72,12.11,48.82,1.28,0
28.52,29.06,27.27,27.0,14.2,57.75,1.25,0
27.69,27.81,26.9,26.64,11.55,27.12,0.78,0
34.87,35.05,36.79,36.42,13.51,32.6,1.93,0
51.35,50.43,49.51,49.01,11.01,32.03,1.84,0
37.74,37.9,38.88,38.49,12.11,56.24,1.14,0
69.84,70.33,68.44,67.75,11.49,20.01,1.4,0
56.45,55.71,56.98,56.41,11.61,50.59,0.53,0
75.24,75.35,76.75,75.98,13.88,51.99,1.51,0
37.22,37.37,36.33,35.96,11.75,32.05,0.9,0
25.86,26.3,24.75,24.51,12.9,41.21,1.1,0
64.74,64.04,66.09,65.43,12.16,37.93,1.35,0
68.21,69.55,66.7,66.04,13.89,57.14,1.51,0
32.23,31.89,31.93,31.61,14.31,55.39,0.3,0
61.98,62.09,61.85,61.23,12.67,34.66,0.13,0
65.93,65.09,65.89,65.23,14.14,47.9,0.05,0
62.47,62.4,60.65,60.05,13.22,59.34,1.82,0
29.95,30.07,30.06,29.76,13.42,22.67,0.11,0
67.41,66.5,68.06,67.38,12.64,40.42,0.65,0
46.68,46.76,45.7,45.24,12.66,57.81,0.98,0
33.43,33.17,32.6,32.27,12.41,59.23,0.83,0
34.18,34.58,32.31,31.98,12.73,35.17,1.87,0
38.2,38.47,38.23,37.85,14.4,54.03,0.04,0
46.79,47.56,48.5,48.01,11.98,20.76,1.71,0
50.99,50.47,50.64,50.13,12.09,30.68,0.36,0
30.62,30.19,32.55,32.22,12.24,28.72,1.93,0
30.97,31.16,31.04,30.73,12.93,43.01,0.07,0
52.08,51.62,54.01,53.47,11.52,28.76,1.93,0
26.66,26.36,25.85,25.59,12.55,39.47,0.81,0
32.32,32.22,31.99,31.67,12.85,27.69,0.33,0
31.21,31.74,32.69,32.36,12.54,41.34,1.47,0
40.32,40.6,41.47,41.06,13.28,28.68,1.15,0
54.69,54.89,56.5,55.94,12.27,42.41,1.81,0
53.95,54.98,53.97,53.43,12.33,37.02,0.01,0
51.33,51.46,50.82,50.31,13.42,36.38,0.51,0
34.35,34.24,34.7,34.35,13.43,41.1,0.35,0
27.09,27.23,28.1,27.82,14.02,50.72,1.01,0
78.29,78.05,78.61,77.82,11.49,39.01,0.32,0
20.09,19.84,20.34,20.14,11.09,48.89,0.25,0
45.1,45.94,45.96,45.51,14.04,53.52,0.86,0
33.5,33.2,35.05,34.7,13.41,40.68,1.55,0
51.54,50.81,50.05,49.55,11.91,27.75,1.49,0
20.45,20.49,20.48,20.28,12.97,33.76,0.03,0
29.93,29.39,30.61,30.3,11.17,34.18,0.68,0
74.87,76.08,73.64,72.91,14.22,20.44,1.23,0
64.63,65.11,62.88,62.25,13.49,53.01,1.75,0
75.97,74.82,75.63,74.87,12.45,25.74,0.34,0
78.64,79.12,80.53,79.73,13.36,54.67,1.89,0
46.65,46.29,45.15,44.7,11.27,56.23,1.5,0
73.11,72.96,73.06,72.33,12.11,55.9,0.06,0
46.81,46.65,45.27,44.81,14.5,46.92,1.54,0
64.4,63.72,64.63,63.98,12.73,50.36,0.23,0
66.17,65.63,66.66,65.99,12.43,22.79,0.48,0
60.13,60.3,60.87,60.26,13.18,23.97,0.74,0
26.32,26.49,70.08,69.38,15.48,208.57,43.76,1
73.44,74.36,74.17,73.43,14.19,25.29,0.73,0
60.57,61.18,59.5,58.9,12.79,48.37,1.08,0
31.55,30.95,30.62,30.32,14.25,51.52,0.93,0
40.34,40.64,42.23,41.8,13.24,54.09,1.89,0
67.16,67.98,65.43,64.77,11.69,24.05,1.73,0
58.38,57.22,57.9,57.32,13.23,31.72,0.48,0
76.01,75.52,74.04,73.3,12.03,33.21,1.97,0
55.49,55.96,55.88,55.32,13.31,45.97,0.38,0
73.75,74.26,73.8,73.06,11.57,47.81,0.04,0
41.39,41.38,41.89,41.47,11.72,38.98,0.5,0
24.61,24.93,26.3,26.03,12.21,31.28,1.69,0
48.24,48.98,47.7,47.23,11.98,52.63,0.54,0
46.32,45.65,45.58,45.12,13.23,23.78,0.74,0
30.62,30.54,29.14,28.85,13.87,51.93,1.48,0
29.4,29.45,30.92,30.61,13.71,36.51,1.52,0
52.08,51.59,51.83,51.31,11.05,31.07,0.25,0
70.41,71.42,70.68,69.97,12.63,50.56,0.27,0
48.15,47.36,49.27,48.78,11.91,24.7,1.12,0
45.87,45.29,45.34,44.89,14.13,25.59,0.53,0
63.74,62.83,63.99,63.35,14.02,37.61,0.25,0
56.47,56.55,56.12,55.56,14.01,46.28,0.35,0
45.3,44.51,43.69,43.26,14.42,20.99,1.61,0
41.77,42.26,43.6,43.16,13.78,39.83,1.83,0
73.22,72.2,72.93,72.2,13.43,53.32,0.29,0
50.92,50.89,49.51,49.02,12.61,30.93,1.41,0
54.95,54.34,55.78,55.22,14.35,58.5,0.83,0
23.54,23.55,21.96,21.74,12.37,29.17,1.58,0
62.94,61.75,64.82,64.17,14.15,38.2,1.87,0
40.35,40.25,40.08,39.67,14.38,51.2,0.27,0
60.08,59.4,59.86,59.27,11.08,58.64,0.22,0
77.45,77.86,77.92,77.15,11.08,26.75,0.48,0
23.52,23.09,22.77,22.54,12.76,30.49,0.75,0
53.18,53.44,78.76,77.98,16.07,172.65,25.59,1
24.0,23.63,22.69,22.46,13.56,28.23,1.31,0
72.35,73.76,70.82,70.11,13.03,51.5,1.53,0
61.28,62.14,59.4,58.81,13.04,22.24,1.87,0
55.09,55.45,53.49,52.96,13.39,46.15,1.6,0
70.29,70.76,70.1,69.4,11.86,33.66,0.19,0
66.32,66.22,66.4,65.73,13.26,55.43,0.08,0
61.84,62.09,60.41,59.8,13.3,39.62,1.43,0
57.19,57.44,130.31,129.01,13.54,62.24,73.12,1
54.65,54.42,55.53,54.97,13.93,49.5,0.88,0
60.29,60.92,59.83,59.23,11.82,46.0,0.46,0
59.97,59.36,61.65,61.03,13.63,36.32,1.68,0
31.05,31.48,32.02,31.7,12.63,52.42,0.97,0
59.8,59.17,60.44,59.84,12.27,46.38,0.65,0
78.15,79.07,79.81,79.02,11.15,45.81,1.66,0
75.93,74.93,75.26,74.5,12.59,44.21,0.67,0
34.54,34.16,68.41,67.73,16.45,147.16,33.87,1
59.61,60.51,58.87,58.28,12.9,31.86,0.74,0
22.25,22.27,24.06,23.82,12.3,23.4,1.81,0
76.31,76.11,76.36,75.6,14.07,53.9,0.05,0
65.16,65.98,137.93,136.55,14.84,181.53,72.76,1
44.61,44.22,44.55,44.11,14.1,45.34,0.06,0
74.03,72.89,75.19,74.43,11.6,41.47,1.16,0
60.17,59.52,60.43,59.83,11.96,41.34,0.26,0
58.34,57.83,58.67,58.09,11.82,41.74,0.33,0
75.36,75.38,74.66,73.92,13.51,22.41,0.7,0
73.24,72.67,71.82,71.1,11.71,21.61,1.43,0
66.06,65.75,67.19,66.51,13.51,44.21,1.12,0
53.82,53.03,54.8,54.25,12.51,29.16,0.98,0
60.35,59.62,60.05,59.45,11.55,40.76,0.29,0
68.11,68.38,67.73,67.06,13.66,48.56,0.38,0
70.19,70.95,69.92,69.22,13.79,39.78,0.28,0
28.18,27.78,26.51,26.25,13.76,46.83,1.67,0
74.19,75.49,75.87,75.11,11.84,39.09,1.68,0
61.76,60.95,60.61,60.0,13.9,48.67,1.15,0
60.64,60.68,62.19,61.57,14.1,20.98,1.55,0
44.28,44.34,43.42,42.98,11.83,30.71,0.87,0
65.97,65.46,66.59,65.92,12.58,53.06,0.62,0
78.29,77.27,79.95,79.15,12.24,20.5,1.66,0
71.33,71.66,69.46,68.77,14.2,24.18,1.87,0
49.94,49.36,50.1,49.6,13.83,57.53,0.16,0
77.7,76.21,121.97,120.75,11.38,216.28,44.26,1
73.71,72.47,72.9,72.17,12.65,57.57,0.81,0
52.1,53.12,83.83,82.99,11.44,105.43,31.73,1
26.39,26.39,26.81,26.54,12.11,33.76,0.42,0
57.34,56.7,57.2,56.63,13.64,53.64,0.14,0
49.85,49.07,49.29,48.8,12.02,26.1,0.56,0
51.88,51.45,52.04,51.52,12.18,51.98,0.16,0
26.43,26.86,24.89,24.64,14.28,30.52,1.54,0
32.55,32.8,32.44,32.12,11.23,51.14,0.1,0
23.94,24.23,24.28,24.04,13.23,58.89,0.34,0
77.11,77.3,77.95,77.17,13.01,48.05,0.84,0
78.3,77.42,77.65,76.87,14.0,53.21,0.65,0
24.51,24.43,24.4,24.15,11.7,50.52,0.12,0
27.02,27.4,26.69,26.42,14.1,31.25,0.33,0
45.89,46.16,44.81,44.36,12.63,45.47,1.09,0
42.38,43.08,43.15,42.72,13.54,26.71,0.77,0
27.59,27.1,25.96,25.7,11.23,37.1,1.63,0
54.02,54.32,54.8,54.25,14.39,39.54,0.78,0
77.53,77.34,76.46,75.7,13.89,26.83,1.07,0
72.87,72.36,72.4,71.68,11.63,26.92,0.47,0
52.67,53.41,52.15,51.63,13.91,28.85,0.53,0
21.94,21.58,21.52,21.31,13.79,34.79,0.42,0
63.53,63.54,62.33,61.71,14.2,23.15,1.2,0
45.42,45.44,44.33,43.89,13.72,44.85,1.09,0
55.0,54.22,55.74,55.18,12.07,59.61,0.74,0
44.68,45.11,43.58,43.14,11.42,30.65,1.1,0
59.04,58.43,58.63,58.04,12.88,53.79,0.42,0
23.22,23.41,23.44,23.21,13.18,41.35,0.22,0
37.09,37.25,35.48,35.12,11.78,30.57,1.62,0
68.02,67.74,70.0,69.3,13.38,49.85,1.98,0
28.14,28.6,30.01,29.71,12.16,40.23,1.87,0
31.65,31.47,33.02,32.69,13.89,27.55,1.36,0
53.68,53.11,55.15,54.6,12.49,27.78,1.46,0
35.12,34.52,36.12,35.76,13.29,43.03,1.0,0
60.38,61.07,62.17,61.55,11.02,20.98,1.8,0
36.03,36.34,35.97,35.61,13.92,24.68,0.06,0
40.01,39.28,39.73,39.33,12.3,27.96,0.28,0
31.21,31.77,68.87,68.18,13.79,52.28,37.66,1
72.23,71.07,70.77,70.06,12.92,54.58,1.46,0
29.08,29.03,28.12,27.84,13.97,39.74,0.96,0
63.9,64.14,64.32,63.68,12.79,50.37,0.43,0
42.55,41.93,44.34,43.89,11.46,34.04,1.79,0
23.91,23.52,23.73,23.49,13.61,23.71,0.18,0
61.68,60.77,63.04,62.41,13.02,32.08,1.36,0
24.28,24.15,24.13,23.88,11.45,27.24,0.15,0
46.59,47.03,47.49,47.01,12.05,33.61,0.9,0
64.53,63.9,65.98,65.32,14.06,37.37,1.45,0
23.04,22.69,22.87,22.64,13.09,46.54,0.17,0
30.36,30.52,28.88,28.59,11.45,23.56,1.48,0
74.24,75.28,72.28,71.56,13.29,53.18,1.96,0
25.97,25.73,24.0,23.76,13.41,47.19,1.96,0
47.03,46.45,48.89,48.4,13.16,40.51,1.85,0
36.31,36.89,37.99,37.61,13.49,31.5,1.67,0
39.62,39.96,41.27,40.86,13.95,37.2,1.66,0
38.27,39.0,39.5,39.11,13.43,29.87,1.23,0
61.75,61.81,60.95,60.34,13.85,57.03,0.8,0
60.76,60.7,61.79,61.17,13.9,44.09,1.03,0
74.68,74.41,76.48,75.72,12.11,26.66,1.8,0
72.33,72.38,72.32,71.59,12.65,30.95,0.02,0
71.27,69.99,70.67,69.96,12.95,48.12,0.59,0
38.87,38.82,40.26,39.85,12.82,20.86,1.38,0
63.93,64.76,65.9,65.24,13.72,53.62,1.96,0
75.69,74.75,76.15,75.38,11.47,45.48,0.46,0
39.53,40.09,39.73,39.34,13.92,45.78,0.2,0
70.48,69.43,70.88,70.17,13.49,30.54,0.4,0
29.92,30.51,29.35,29.06,13.03,24.08,0.57,0
60.71,61.5,61.63,61.01,13.8,42.63,0.92,0
35.84,36.12,35.11,34.76,13.85,39.61,0.73,0
30.98,30.78,31.1,30.79,12.5,39.4,0.12,0
68.48,68.7,69.53,68.83,13.27,32.46,1.05,0
48.02,48.06,48.53,48.04,12.21,30.78,0.51,0
54.06,53.51,54.18,53.64,13.61,30.64,0.12,0
40.96,41.78,39.16,38.77,13.28,53.37,1.81,0
27.33,27.24,28.32,28.04,14.06,38.76,0.99,0
77.99,77.81,122.09,120.87,11.71,33.54,44.1,1
31.06,31.14,31.77,31.45,11.05,46.27,0.71,0
20.3,19.92,19.74,19.54,14.42,28.08,0.56,0
40.96,41.15,41.56,41.14,11.37,31.83,0.59,0
22.7,22.99,21.87,21.66,12.69,40.76,0.82,0
57.78,57.35,58.75,58.16,11.16,41.47,0.97,0
49.21,49.61,47.61,47.13,12.43,25.27,1.6,0
50.21,50.95,51.38,50.86,11.09,40.62,1.17,0
49.74,49.59,51.13,50.61,11.68,26.97,1.39,0
68.35,68.6,67.97,67.29,12.4,51.67,0.38,0
35.82,36.44,35.29,34.94,12.5,52.76,0.53,0
41.65,41.23,39.88,39.48,12.23,38.44,1.77,0
60.67,60.62,59.73,59.13,12.57,43.58,0.94,0
56.36,57.47,54.66,54.11,12.62,30.81,1.71,0
40.3,40.26,41.71,41.3,11.71,50.43,1.41,0
21.17,20.95,20.47,20.26,13.36,53.4,0.7,0
29.76,29.47,27.96,27.68,12.52,46.56,1.81,0
79.32,80.74,79.04,78.25,13.34,21.6,0.28,0
55.1,54.33,55.87,55.31,12.98,47.6,0.77,0
79.21,77.71,79.99,79.19,12.11,56.88,0.78,0
44.88,44.22,46.26,45.79,11.66,45.13,1.38,0
66.62,67.62,65.32,64.66,13.9,39.48,1.3,0
74.91,76.07,76.49,75.73,13.51,53.59,1.58,0
56.25,57.36,56.58,56.01,11.52,55.86,0.33,0
34.11,34.76,32.58,32.25,13.22,56.95,1.53,0
67.24,67.99,66.86,66.2,12.37,58.7,0.38,0
22.93,23.33,23.3,23.07,12.09,49.08,0.38,0
70.9,72.26,72.05,71.33,14.32,26.18,1.16,0
46.6,45.83,44.76,44.31,13.9,56.44,1.84,0
28.27,28.24,28.23,27.95,14.31,47.17,0.05,0
77.58,78.92,78.19,77.41,13.54,25.66,0.61,0
26.74,26.41,25.04,24.79,12.59,31.21,1.7,0
62.28,62.71,63.39,62.75,11.31,59.45,1.11,0
67.48,68.56,69.08,68.39,14.26,25.63,1.6,0
57.39,58.52,57.94,57.36,12.03,35.4,0.54,0
41.63,41.8,42.58,42.16,13.68,24.3,0.95,0
56.73,55.95,58.37,57.78,12.81,48.48,1.64,0
39.02,38.76,38.44,38.05,11.41,24.58,0.58,0
36.4,36.47,36.24,35.88,12.13,48.76,0.16,0
45.01,45.87,44.55,44.11,14.37,47.3,0.46,0
36.11,36.36,34.76,34.41,13.46,40.99,1.35,0
59.1,58.71,57.94,57.36,12.86,30.44,1.16,0
34.58,35.01,33.54,33.21,14.37,35.34,1.03,0
32.14,32.37,33.43,33.09,11.73,31.02,1.29,0
74.71,75.92,76.08,75.32,12.64,52.1,1.37,0
28.39,27.92,30.08,29.77,11.78,39.03,1.68,0
30.42,30.67,28.72,28.43,14.47,34.54,1.7,0
23.68,23.89,24.9,24.65,13.45,54.53,1.22,0
64.7,65.66,65.18,64.53,13.78,49.08,0.48,0
32.09,32.67,31.54,31.22,12.03,28.41,0.55,0
30.18,30.11,30.28,29.97,14.11,50.77,0.1,0
76.64,76.71,77.4,76.63,12.57,31.94,0.77,0
65.26,64.21,64.6,63.96,13.04,53.16,0.65,0
52.87,53.13,54.45,53.91,12.56,59.03,1.58,0
63.77,63.38,64.98,64.33,13.92,30.79,1.22,0
79.84,80.1,80.1,79.3,14.34,47.47,0.26,0
47.37,47.23,46.39,45.93,12.53,26.03,0.98,0
30.3,30.49,30.73,30.42,13.39,20.09,0.42,0
25.23,25.44,23.53,23.29,11.39,53.67,1.7,0
44.22,44.68,45.82,45.36,13.04,30.54,1.59,0
24.69,24.89,26.43,26.17,12.05,42.66,1.75,0
67.52,67.11,69.38,68.69,13.56,50.72,1.86,0
69.91,69.87,69.55,68.85,14.34,27.26,0.36,0
58.45,58.11,58.41,57.82,13.6,28.53,0.05,0
74.28,73.02,75.13,74.38,12.01,36.66,0.85,0
28.05,27.81,28.03,27.75,13.55,45.35,0.02,0
48.23,48.45,48.33,47.85,11.26,57.27,0.1,0
34.8,34.67,34.33,33.98,12.06,38.86,0.48,0
61.72,61.7,63.5,62.87,11.01,58.11,1.78,0
78.15,78.56,80.03,79.23,12.06,37.21,1.88,0
21.34,21.55,22.14,21.92,13.44,52.23,0.81,0
40.75,40.0,42.62,42.19,14.16,58.48,1.86,0
29.47,29.17,29.54,29.25,13.09,57.4,0.07,0
54.96,54.61,54.7,54.15,14.34,22.44,0.26,0
60.32,61.31,58.73,58.14,13.38,39.84,1.59,0
68.75,67.87,68.78,68.1,14.34,42.26,0.04,0
36.26,36.04,37.39,37.02,13.1,30.23,1.14,0
32.64,32.85,31.1,30.79,13.83,21.68,1.54,0
33.99,34.35,34.57,34.22,11.8,53.02,0.57,0
77.01,76.69,75.08,74.33,13.8,22.1,1.94,0
55.07,55.77,54.75,54.2,13.46,56.69,0.32,0
67.14,66.5,132.97,131.64,16.16,216.42,65.83,1
79.31,80.09,79.54,78.75,14.22,30.0,0.23,0
41.29,40.56,83.58,82.74,15.97,205.11,42.29,1
78.38,77.88,80.36,79.56,12.7,31.82,1.98,0
68.57,68.81,68.64,67.95,11.99,27.3,0.07,0
40.88,41.47,39.5,39.11,12.09,46.37,1.38,0
30.56,30.9,28.62,28.33,13.88,47.72,1.94,0
27.47,27.26,28.91,28.62,12.68,53.2,1.43,0
47.03,46.89,45.22,44.77,11.46,34.68,1.81,0
29.05,29.29,28.7,28.41,13.45,28.09,0.35,0
42.69,42.99,43.91,43.47,12.25,26.81,1.22,0
26.2,26.42,26.69,26.42,11.04,27.62,0.49,0
34.33,34.61,34.49,34.14,14.32,49.71,0.15,0
43.85,44.66,42.84,42.41,12.15,45.74,1.02,0
50.77,50.69,49.37,48.88,12.77,52.22,1.4,0
52.76,52.49,51.5,50.98,11.22,59.46,1.26,0
76.75,78.13,75.77,75.01,11.2,29.15,0.98,0
56.74,56.09,56.27,55.7,12.54,56.6,0.47,0
72.78,71.54,71.47,70.75,12.13,25.17,1.32,0
37.5,37.67,39.33,38.93,11.88,52.68,1.82,0
57.97,59.05,58.4,57.82,11.74,52.69,0.43,0
32.17,31.8,30.2,29.9,11.57,55.2,1.98,0
23.14,22.69,23.86,23.62,12.69,59.57,0.72,0
45.59,45.62,45.17,44.72,13.23,30.65,0.42,0
54.55,54.58,55.9,55.35,13.54,29.94,1.35,0
79.87,80.9,77.94,77.16,11.42,44.16,1.93,0
68.86,70.17,69.51,68.82,13.3,27.65,0.65,0
60.73,60.64,61.27,60.65,12.45,59.47,0.54,0
29.96,30.22,31.14,30.83,11.71,48.68,1.18,0
68.79,69.84,70.08,69.38,13.35,22.76,1.29,0
64.87,64.58,63.24,62.61,14.47,55.63,1.63,0
28.76,28.65,29.86,29.56,11.36,22.19,1.1,0
31.46,31.81,31.19,30.88,13.19,51.94,0.27,0
37.32,37.57,39.14,38.75,13.45,34.04,1.82,0
50.95,50.34,49.21,48.72,13.96,37.22,1.74,0
32.78,32.74,32.75,32.42,13.3,23.01,0.03,0
79.51,80.44,78.23,77.45,13.98,39.07,1.28,0
48.48,48.53,48.9,48.42,13.19,31.64,0.42,0
54.81,54.4,56.56,56.0,11.26,47.5,1.75,0
48.38,48.19,49.13,48.63,11.17,40.26,0.75,0
61.28,60.81,61.32,60.71,14.31,58.24,0.04,0
79.05,79.6,79.66,78.86,12.95,50.91,0.61,0
50.67,50.6,48.94,48.45,11.03,30.93,1.73,0
36.26,36.84,36.51,36.15,14.08,38.3,0.25,0
77.52,76.46,77.36,76.59,13.87,58.17,0.15,0
50.68,49.83,49.4,48.91,13.79,39.4,1.28,0
70.88,71.9,72.85,72.12,13.28,22.95,1.97,0
78.27,78.59,77.47,76.7,14.47,48.66,0.8,0
57.82,57.91,58.3,57.71,14.21,52.18,0.48,0
22.49,22.76,23.95,23.71,13.25,24.66,1.46,0
25.47,25.49,24.07,23.83,12.31,49.82,1.4,0
77.2,78.3,78.36,77.58,11.32,22.41,1.16,0
24.09,23.93,25.9,25.65,11.37,25.63,1.81,0
77.59,77.5,79.1,78.31,11.2,42.62,1.51,0
54.96,54.95,53.98,53.44,11.94,54.71,0.98,0
62.84,62.42,64.06,63.42,12.88,28.0,1.22,0
38.41,37.85,39.76,39.36,11.17,42.64,1.34,0
54.57,54.14,118.03,116.85,12.66,175.89,63.46,1
26.4,26.23,27.69,27.42,14.13,22.58,1.29,0
78.42,77.86,77.11,76.34,11.35,53.18,1.32,0
31.17,31.39,31.33,31.02,13.78,23.62,0.16,0
70.25,68.87,71.75,71.03,14.49,48.05,1.49,0
41.35,41.93,41.09,40.68,12.16,28.25,0.26,0
52.65,53.46,53.71,53.17,11.89,47.52,1.06,0
59.46,59.0,60.85,60.25,12.74,35.71,1.39,0
55.04,56.02,55.11,54.56,13.4,45.21,0.07,0
38.27,38.39,37.17,36.8,13.97,56.8,1.09,0
63.75,63.66,63.23,62.6,12.46,29.26,0.51,0
70.51,69.71,68.58,67.89,13.08,23.63,1.93,0
41.23,41.58,107.33,106.25,16.84,114.88,66.1,1
40.94,40.25,39.99,39.59,13.7,38.96,0.95,0
50.7,50.84,51.92,51.4,13.97,48.93,1.22,0
79.48,79.18,79.28,78.49,14.46,47.5,0.21,0
78.72,79.09,77.69,76.91,11.54,24.83,1.03,0
56.36,55.67,54.84,54.29,14.11,47.62,1.52,0
54.44,54.19,56.13,55.57,11.49,34.93,1.7,0
66.0,66.01,65.98,65.32,13.77,45.18,0.01,0
48.73,49.14,50.46,49.95,12.59,47.87,1.73,0
76.0,77.05,74.05,73.31,12.31,45.86,1.96,0
69.13,69.45,69.68,68.99,13.83,20.56,0.55,0
35.89,35.21,35.26,34.91,13.34,33.12,0.63,0
71.32,71.85,73.09,72.36,12.98,28.97,1.77,0
25.66,26.09,27.4,27.13,12.42,21.91,1.74,0
42.79,42.83,42.59,42.17,12.17,54.59,0.19,0
79.97,79.77,80.56,79.75,13.71,34.97,0.59,0
69.51,68.75,67.94,67.26,11.66,54.25,1.57,0
59.49,60.54,58.16,57.58,13.92,33.21,1.32,0
52.77,51.73,52.13,51.61,11.46,40.51,0.64,0
64.44,64.66,64.12,63.48,13.68,34.83,0.32,0
55.07,55.02,56.52,55.96,13.31,22.0,1.45,0
29.69,29.71,31.49,31.18,13.09,59.07,1.8,0
36.08,35.9,37.79,37.42,12.31,52.73,1.72,0
24.7,25.11,98.53,97.55,11.82,167.03,73.83,1
55.91,56.61,55.08,54.53,12.11,46.47,0.83,0
58.6,57.85,56.84,56.27,13.58,34.33,1.76,0
58.56,58.37,60.04,59.44,12.47,29.28,1.48,0
22.27,22.69,21.41,21.19,13.03,25.92,0.86,0
40.92,40.8,39.88,39.48,13.3,58.29,1.04,0
71.02,70.23,69.93,69.23,12.77,47.47,1.09,0
49.09,48.68,49.75,49.25,12.01,31.18,0.66,0
54.08,53.24,55.65,55.09,11.09,43.73,1.57,0
78.44,79.62,79.43,78.63,14.42,31.5,0.99,0
25.95,26.43,26.06,25.79,13.24,28.05,0.11,0
56.55,55.88,56.15,55.59,11.59,55.89,0.39,0
31.15,30.98,32.36,32.03,11.76,23.64,1.21,0
72.39,72.08,73.5,72.77,13.5,22.8,1.11,0
63.78,62.81,65.47,64.81,12.16,30.06,1.69,0
43.84,43.67,44.2,43.76,12.62,28.23,0.36,0
75.19,74.51,74.01,73.27,12.24,38.4,1.18,0
25.72,25.85,24.6,24.35,11.73,48.05,1.13,0
63.65,63.96,65.26,64.61,14.31,31.73,1.61,0
28.84,29.02,29.43,29.14,13.25,35.03,0.59,0
64.11,65.27,63.77,63.13,14.47,59.77,0.34,0
63.79,64.64,129.51,128.21,12.26,48.72,65.72,1
76.39,77.44,76.75,75.98,13.65,40.01,0.36,0
41.56,41.45,42.32,41.9,11.54,58.48,0.76,0
61.75,61.97,61.6,60.98,13.29,55.45,0.15,0
76.43,75.97,76.81,76.04,12.15,22.29,0.38,0
55.42,55.73,57.37,56.8,13.58,43.04,1.96,0
58.1,57.33,56.23,55.67,14.26,51.24,1.87,0
45.85,45.36,44.69,44.25,12.71,21.35,1.16,0
45.83,45.74,45.27,44.81,11.25,58.02,0.56,0
74.55,74.49,72.58,71.86,11.42,30.72,1.97,0
44.27,44.07,45.58,45.12,13.36,21.33,1.31,0
29.96,30.12,31.95,31.63,12.93,39.48,1.99,0
63.46,62.7,64.66,64.02,12.06,34.23,1.2,0
72.53,72.92,73.81,73.07,12.15,23.88,1.28,0
40.96,41.68,39.82,39.42,14.37,52.94,1.14,0
79.98,81.26,80.04,79.24,12.08,22.98,0.06,0
32.98,33.04,34.73,34.38,12.6,30.82,1.75,0
74.57,73.71,73.14,72.4,12.16,26.17,1.43,0
72.96,72.68,113.18,112.04,13.6,29.2,40.22,1
79.94,79.63,79.42,78.62,12.39,31.03,0.52,0
71.97,72.5,73.23,72.49,14.16,22.73,1.26,0
33.49,33.97,35.42,35.06,12.68,25.36,1.93,0
24.88,24.58,25.59,25.33,14.19,46.08,0.71,0
56.71,57.0,56.21,55.65,11.95,57.06,0.5,0
29.89,30.03,31.34,31.02,13.83,41.07,1.45,0
78.73,78.09,79.88,79.08,12.23,52.5,1.14,0
29.66,29.28,29.13,28.84,12.51,28.82,0.52,0
55.79,55.93,54.6,54.05,14.21,21.91,1.19,0
33.47,33.16,31.52,31.2,12.87,30.67,1.95,0
25.63,25.17,26.45,26.19,11.44,37.05,0.83,0
75.75,75.59,73.86,73.12,12.49,49.47,1.89,0
28.63,29.18,27.34,27.06,13.83,25.46,1.29,0
45.51,45.74,43.78,43.34,11.77,36.07,1.73,0
55.41,56.23,53.92,53.38,13.61,43.0,1.49,0
27.21,27.63,27.28,27.0,11.64,37.21,0.06,0
42.52,43.31,43.89,43.45,11.3,51.11,1.37,0
59.32,58.46,60.26,59.65,12.81,20.52,0.94,0
77.93,79.01,77.07,76.3,13.32,34.17,0.85,0
64.91,65.75,64.98,64.33,11.34,50.74,0.07,0
38.94,39.03,38.14,37.76,11.03,48.33,0.79,0
65.41,64.69,66.62,65.95,14.09,21.92,1.21,0
42.87,42.29,97.89,96.91,12.35,76.22,55.02,1
66.86,66.24,68.71,68.02,12.9,46.63,1.85,0
32.35,32.29,31.12,30.8,13.09,25.77,1.24,0
45.05,44.74,45.6,45.15,11.51,58.28,0.56,0
56.26,55.37,56.94,56.37,11.5,48.53,0.67,0
74.99,74.54,73.75,73.01,14.49,57.1,1.23,0
49.9,49.65,48.86,48.37,13.47,34.92,1.05,0
39.01,38.85,37.63,37.25,13.99,31.25,1.38,0
48.76,48.44,47.12,46.65,14.5,45.49,1.64,0
30.03,29.77,30.85,30.54,11.49,37.43,0.82,0
75.94,74.71,121.0,119.79,12.2,146.74,45.06,1
43.04,43.34,42.51,42.09,14.2,48.42,0.53,0
46.2,46.15,47.63,47.16,12.51,40.5,1.43,0
25.02,25.37,24.14,23.9,12.41,37.31,0.88,0
63.51,64.66,63.09,62.46,11.45,52.36,0.42,0
41.91,42.14,78.8,78.02,14.72,189.62,36.9,1
39.89,39.23,39.14,38.75,12.26,50.34,0.75,0
46.41,46.79,47.78,47.3,11.59,22.3,1.37,0
55.45,55.91,54.25,53.7,13.93,48.57,1.2,0
21.87,21.84,20.63,20.43,13.46,20.31,1.24,0
21.68,21.5,21.05,20.84,11.61,25.7,0.63,0
79.81,78.74,78.45,77.66,11.04,53.25,1.37,0
54.45,55.4,55.44,54.89,14.37,58.73,0.99,0
47.7,47.44,49.48,48.99,13.27,40.23,1.78,0
62.07,63.1,60.57,59.96,11.75,27.79,1.5,0
66.65,67.95,66.59,65.92,14.08,58.66,0.06,0
78.39,78.28,78.17,77.39,13.03,29.58,0.22,0
27.48,27.47,25.96,25.7,13.04,58.93,1.52,0
59.18,59.33,59.17,58.58,11.01,39.43,0.01,0
46.49,45.8,45.18,44.73,11.46,30.6,1.31,0
74.05,75.0,73.51,72.77,13.1,47.44,0.54,0
24.19,24.25,22.59,22.36,11.58,59.11,1.6,0
71.25,70.33,70.32,69.61,13.05,40.13,0.93,0
54.66,54.78,53.43,52.89,14.3,48.93,1.23,0
72.14,72.36,71.73,71.01,13.9,48.92,0.41,0
49.34,50.13,48.4,47.92,11.76,43.87,0.94,0
34.5,34.58,34.14,33.79,11.88,20.06,0.37,0
43.35,42.71,44.03,43.59,13.98,33.47,0.67,0
56.66,55.81,58.32,57.74,13.69,34.32,1.66,0
77.87,77.47,79.37,78.58,14.48,44.5,1.5,0
36.94,36.32,37.26,36.89,13.25,30.03,0.32,0
62.5,63.18,124.62,123.37,11.48,96.2,62.11,1
42.55,42.52,108.55,107.47,16.7,22.91,66.01,1
54.81,54.12,52.91,52.38,11.02,27.23,1.9,0
33.55,33.63,33.9,33.56,12.77,55.78,0.34,0
64.69,63.51,107.96,106.88,16.53,86.24,43.27,1
67.5,67.02,66.86,66.19,14.11,21.14,0.64,0
64.89,64.04,64.98,64.33,13.38,50.68,0.09,0
68.62,67.59,66.91,66.24,12.92,33.48,1.71,0
35.3,34.95,36.55,36.19,11.13,44.88,1.25,0
78.29,77.96,79.19,78.4,11.78,56.35,0.9,0
69.26,69.21,70.62,69.92,13.54,29.49,1.37,0
31.33,30.86,105.26,104.21,13.14,34.66,73.94,1
42.88,43.58,41.85,41.44,14.39,23.24,1.02,0
29.54,29.01,29.15,28.86,12.19,47.32,0.39,0
74.53,75.01,73.05,72.32,13.54,23.96,1.48,0
72.83,71.5,71.93,71.21,14.43,52.2,0.9,0
60.06,59.58,61.72,61.1,13.09,36.19,1.66,0
47.27,47.24,46.53,46.07,13.81,20.55,0.74,0
20.76,20.42,20.12,19.92,12.52,34.19,0.64,0
34.19,33.97,96.1,95.13,15.35,102.3,61.91,1
48.89,48.18,48.48,47.99,14.09,27.76,0.42,0
60.13,61.02,61.12,60.51,14.26,56.05,0.99,0
52.38,51.9,53.49,52.96,13.98,32.03,1.11,0
50.09,50.14,121.07,119.86,15.4,108.18,70.99,1
68.8,68.37,69.05,68.36,12.43,55.2,0.26,0
60.76,60.48,61.79,61.18,11.21,47.17,1.04,0
35.33,34.75,36.55,36.18,13.55,24.34,1.22,0
31.87,31.62,33.35,33.02,12.07,51.74,1.48,0
74.61,73.16,73.41,72.67,12.37,54.33,1.21,0
71.12,71.52,72.19,71.46,13.16,30.19,1.06,0
54.5,53.79,52.52,51.99,11.55,44.27,1.98,0
75.35,75.17,74.02,73.28,11.83,25.34,1.33,0
70.97,70.93,71.53,70.82,14.29,20.79,0.57,0
72.88,72.88,72.17,71.45,13.48,25.86,0.71,0
48.77,48.47,47.18,46.71,13.36,59.52,1.59,0
52.85,53.08,92.78,91.85,17.21,92.85,39.93,1
75.47,75.9,73.63,72.9,11.58,43.99,1.84,0
78.88,79.01,79.27,78.48,13.08,59.11,0.39,0
27.07,27.28,26.47,26.2,13.11,22.84,0.61,0
79.32,80.37,80.46,79.65,11.32,38.29,1.13,0
41.08,40.4,40.26,39.86,11.79,53.0,0.82,0
62.96,62.54,63.64,63.01,14.19,41.01,0.68,0
39.43,39.43,38.15,37.77,13.71,25.56,1.28,0
26.1,25.86,25.31,25.06,12.66,49.45,0.79,0
71.76,72.5,69.9,69.2,14.35,38.36,1.86,0
59.39,58.73,60.52,59.92,11.7,20.1,1.13,0
47.27,47.04,45.76,45.31,12.3,33.91,1.51,0
44.96,44.41,109.8,108.7,11.61,37.98,64.84,1
76.38,75.36,75.15,74.4,13.84,56.73,1.23,0
71.49,70.74,73.26,72.52,13.45,41.43,1.77,0
55.41,55.28,56.41,55.85,11.66,56.53,1.01,0
36.72,36.96,37.87,37.5,13.03,28.93,1.15,0
71.52,71.3,72.15,71.43,11.37,52.3,0.63,0
36.05,35.98,34.99,34.64,14.17,46.45,1.06,0
37.98,37.22,39.73,39.33,13.81,58.42,1.75,0
79.04,78.46,78.44,77.66,11.53,50.39,0.59,0
42.74,42.91,41.7,41.29,13.91,46.28,1.04,0
23.39,23.03,21.68,21.46,12.18,54.0,1.71,0
57.44,57.14,58.01,57.43,12.42,48.43,0.57,0
78.87,80.19,79.13,78.34,11.03,49.01,0.26,0
51.56,52.55,49.88,49.39,13.27,51.46,1.68,0
45.97,45.71,47.15,46.68,13.6,53.34,1.17,0
77.81,78.77,76.02,75.26,11.06,35.3,1.79,0
63.95,63.26,63.63,63.0,11.79,32.9,0.31,0
25.38,25.28,27.15,26.88,11.62,41.13,1.77,0
55.94,56.5,54.13,53.59,12.7,49.36,1.8,0
50.28,50.97,52.27,51.75,13.05,33.27,2.0,0
36.82,36.29,37.29,36.92,14.26,24.49,0.47,0
63.45,63.83,63.82,63.18,11.11,24.24,0.37,0
56.69,56.33,55.79,55.23,12.09,23.24,0.89,0
79.7,80.54,78.95,78.16,13.14,57.46,0.74,0
73.18,73.2,74.77,74.02,14.24,42.59,1.59,0
79.86,80.51,81.79,80.98,12.67,59.36,1.94,0
26.5,26.25,25.58,25.32,13.11,52.75,0.92,0
53.04,53.65,55.03,54.48,14.27,44.88,1.99,0
60.63,60.22,62.55,61.92,11.0,24.89,1.92,0
42.87,42.82,44.1,43.66,14.02,50.66,1.23,0
41.14,40.74,40.78,40.38,12.9,38.1,0.36,0
47.8,47.77,48.12,47.64,14.29,48.31,0.32,0
44.42,44.52,44.54,44.1,11.83,58.13,0.12,0
54.31,54.87,55.61,55.05,13.06,33.74,1.3,0
62.05,63.24,63.23,62.6,11.09,40.17,1.18,0
46.89,47.49,48.24,47.76,12.19,29.13,1.35,0
27.23,26.77,28.26,27.98,11.41,40.01,1.04,0
31.02,30.77,30.78,30.47,11.2,32.64,0.24,0
30.69,30.34,32.56,32.23,12.59,39.57,1.87,0
47.32,47.43,46.64,46.17,11.68,46.79,0.68,0
64.41,65.25,65.16,64.51,11.26,27.02,0.75,0
39.51,38.83,38.7,38.31,13.64,51.84,0.8,0
29.47,29.41,31.38,31.07,11.3,31.32,1.91,0
68.81,68.55,68.62,67.93,12.0,21.58,0.19,0
77.42,78.45,78.77,77.99,11.71,49.77,1.36,0
24.08,23.94,23.23,23.0,13.4,48.68,0.85,0
69.56,68.22,68.78,68.09,13.63,51.87,0.78,0
43.32,43.1,45.29,44.84,13.88,31.24,1.97,0
70.61,71.35,71.08,70.37,12.5,55.76,0.47,0
50.48,49.68,48.99,48.5,13.75,43.84,1.48,0
51.63,51.51,52.67,52.14,12.19,48.99,1.04,0
56.15,55.78,55.37,54.82,11.29,40.16,0.78,0
47.39,46.5,48.77,48.28,12.09,51.12,1.39,0
28.91,29.08,28.59,28.31,11.14,59.73,0.32,0
65.19,66.22,65.74,65.09,12.75,35.44,0.55,0
29.37,29.91,29.87,29.57,14.15,35.06,0.5,0
51.51,50.95,51.31,50.8,12.84,33.84,0.2,0
52.94,52.89,54.33,53.79,12.39,51.04,1.38,0
79.25,79.45,77.93,77.15,13.26,26.6,1.32,0
60.32,60.07,62.3,61.68,12.92,31.88,1.99,0
76.44,76.37,74.87,74.12,12.04,53.81,1.57,0
43.86,44.59,91.13,90.22,15.79,24.64,47.28,1
73.03,72.43,71.85,71.13,12.7,37.34,1.18,0
52.02,52.19,51.63,51.11,14.27,34.66,0.39,0
50.12,49.21,49.16,48.67,12.89,51.78,0.96,0
21.04,20.99,20.97,20.76,14.28,28.24,0.07,0
47.08,46.39,46.15,45.69,13.18,46.44,0.93,0
77.53,77.01,76.59,75.82,14.25,27.05,0.94,0
22.31,22.21,21.58,21.36,14.02,25.48,0.74,0
40.39,39.74,42.25,41.83,12.03,31.65,1.86,0
71.61,70.44,72.06,71.34,12.61,34.62,0.45,0
62.34,62.39,62.8,62.17,11.1,24.98,0.47,0
44.33,44.95,43.29,42.86,12.45,41.58,1.03,0
67.79,68.83,67.38,66.7,14.47,25.01,0.41,0
42.75,42.33,43.34,42.91,12.51,55.19,0.59,0
27.24,27.22,26.59,26.32,12.69,22.36,0.65,0
56.25,56.36,55.81,55.26,12.24,23.65,0.44,0
20.71,20.94,22.41,22.18,13.95,58.53,1.7,0
67.22,67.26,66.44,65.77,12.96,30.62,0.78,0
65.52,65.06,64.26,63.62,13.99,40.54,1.25,0
72.26,71.12,70.3,69.59,11.77,28.91,1.96,0
40.93,41.09,93.7,92.77,12.31,168.61,52.78,1
45.89,46.12,45.48,45.03,12.95,58.06,0.41,0
22.7,23.09,20.75,20.54,11.8,52.57,1.95,0
62.63,62.28,64.04,63.4,12.59,27.89,1.41,0
77.62,77.45,78.17,77.39,11.68,27.58,0.55,0
28.29,28.46,27.61,27.34,13.77,38.16,0.68,0
45.03,44.17,43.19,42.76,11.34,51.74,1.84,0
58.23,58.56,57.34,56.77,12.17,43.58,0.88,0
47.89,48.42,46.42,45.96,12.25,38.78,1.47,0
25.1,25.15,24.28,24.04,12.96,42.31,0.82,0
38.69,38.42,38.86,38.47,13.41,39.47,0.17,0
79.62,80.57,78.29,77.5,11.77,58.37,1.33,0
24.89,25.16,23.52,23.28,14.27,48.46,1.37,0
66.07,65.07,65.65,65.0,14.43,38.13,0.41,0
32.34,32.23,32.65,32.32,12.41,40.74,0.31,0
21.61,21.4,23.56,23.33,12.48,40.28,1.96,0
46.59,47.39,47.96,47.48,13.26,24.89,1.37,0
53.29,54.07,51.32,50.81,12.47,28.59,1.97,0
20.75,20.66,22.08,21.86,13.96,59.6,1.33,0
63.93,63.43,120.37,119.17,12.09,163.46,56.44,1
32.21,32.58,30.28,29.98,12.04,56.69,1.92,0
61.65,62.49,63.32,62.69,12.12,29.82,1.68,0
66.22,67.54,64.29,63.65,14.18,26.24,1.92,0
24.29,24.02,24.89,24.64,13.68,32.77,0.6,0
28.18,28.64,26.23,25.96,12.31,48.29,1.95,0
42.98,42.18,44.1,43.66,13.08,43.73,1.12,0
74.1,73.7,74.7,73.95,13.52,28.65,0.59,0
46.47,46.62,47.18,46.71,12.34,38.47,0.71,0
76.16,76.8,75.06,74.31,11.77,20.03,1.1,0
62.14,61.86,63.03,62.4,11.02,39.57,0.89,0
70.89,71.23,72.87,72.14,11.26,40.22,1.98,0
37.15,36.47,38.58,38.19,12.26,34.78,1.42,0
25.2,24.72,26.58,26.31,13.3,24.78,1.38,0
67.43,66.56,67.37,66.7,13.88,23.2,0.06,0
68.42,69.25,67.02,66.35,11.56,29.81,1.4,0
71.21,72.15,70.19,69.49,13.11,50.07,1.02,0
26.25,26.7,26.81,26.54,11.72,49.11,0.56,0
26.47,26.54,28.14,27.86,12.54,55.6,1.67,0
67.33,67.55,68.09,67.41,12.02,38.76,0.76,0
24.43,24.83,26.03,25.77,14.46,58.78,1.59,0
38.86,39.48,40.33,39.93,11.29,54.25,1.48,0
58.63,58.71,60.07,59.47,12.05,48.64,1.45,0
24.2,23.81,23.86,23.62,13.37,20.02,0.34,0
70.76,71.87,71.45,70.74,12.32,22.81,0.7,0
78.2,77.56,76.76,76.0,14.17,26.55,1.43,0
67.39,67.88,65.63,64.97,12.28,24.52,1.76,0
54.47,53.39,53.69,53.16,13.56,51.17,0.78,0
42.06,42.07,42.07,41.65,12.47,30.59,0.0,0
63.44,62.77,63.7,63.06,11.54,25.93,0.25,0
22.26,22.42,23.78,23.54,12.34,36.98,1.52,0
33.88,34.49,32.02,31.7,13.33,40.57,1.86,0
44.91,44.92,43.78,43.34,11.26,26.23,1.13,0
71.2,69.9,71.47,70.75,12.2,47.21,0.26,0
26.23,26.23,24.97,24.72,11.98,32.9,1.26,0
28.82,29.05,28.28,28.0,13.24,20.91,0.53,0
76.39,75.42,77.06,76.29,11.23,59.9,0.67,0
27.7,27.77,28.83,28.54,11.82,38.67,1.13,0
28.03,27.9,26.7,26.43,13.97,28.88,1.33,0
22.5,22.27,22.87,22.64,14.42,49.89,0.37,0
27.82,27.44,57.26,56.69,17.02,68.54,29.45,1
47.13,47.95,45.64,45.18,13.95,54.7,1.5,0
76.26,75.65,77.17,76.4,12.73,24.58,0.91,0
62.06,61.94,60.77,60.16,12.79,38.21,1.29,0
39.67,39.25,41.58,41.17,12.5,33.94,1.91,0
52.4,52.67,119.33,118.13,16.05,170.94,66.93,1
26.81,27.21,27.41,27.13,12.23,41.98,0.6,0
23.97,23.68,24.76,24.51,11.62,45.14,0.79,0
46.62,47.01,46.63,46.16,12.42,38.73,0.01,0
29.44,28.9,29.5,29.2,14.31,44.96,0.06,0
62.22,62.83,63.56,62.92,11.26,51.63,1.33,0
42.05,41.54,40.6,40.2,12.73,56.75,1.44,0
56.42,55.31,55.41,54.85,14.25,51.5,1.01,0
75.4,76.14,147.05,145.58,11.58,106.15,71.65,1
56.99,57.36,57.12,56.55,12.23,29.65,0.13,0
35.82,35.18,35.59,35.23,11.68,49.37,0.23,0
32.41,32.34,33.55,33.22,11.03,35.81,1.15,0
29.04,29.37,29.94,29.64,13.72,48.94,0.91,0
72.28,72.54,71.44,70.73,13.64,28.33,0.84,0
31.31,31.43,31.5,31.19,12.78,27.57,0.19,0
70.71,71.76,70.71,70.0,11.36,58.35,0.01,0
24.7,24.27,23.33,23.09,12.07,47.65,1.37,0
42.38,41.65,43.61,43.18,12.67,56.2,1.23,0
46.59,47.16,48.22,47.74,11.54,49.33,1.63,0
59.09,59.93,57.44,56.87,12.3,49.32,1.65,0
57.26,57.76,55.39,54.84,13.16,26.54,1.87,0
26.88,26.79,25.85,25.59,12.84,39.03,1.03,0
67.89,69.07,66.05,65.39,11.26,29.32,1.84,0
45.66,45.09,44.72,44.27,11.09,22.65,0.94,0
37.76,38.02,39.59,39.2,12.44,31.97,1.83,0
57.78,56.85,57.12,56.54,13.04,30.92,0.66,0
27.39,27.71,26.29,26.03,13.93,43.16,1.1,0
21.57,21.92,19.68,19.48,12.36,59.15,1.89,0
46.43,47.27,47.44,46.96,12.19,27.27,1.01,0
44.24,43.95,42.33,41.9,12.06,47.02,1.91,0
25.85,25.64,25.3,25.05,11.17,47.44,0.55,0
50.46,51.33,49.82,49.32,13.27,53.7,0.64,0
75.76,75.95,77.61,76.83,13.1,43.42,1.85,0
51.88,51.78,51.02,50.51,11.42,54.82,0.86,0
38.0,38.26,38.57,38.18,12.44,29.66,0.57,0
31.2,30.73,29.89,29.59,13.02,27.64,1.3,0
22.35,22.6,21.4,21.18,11.1,50.37,0.95,0
37.98,38.15,38.85,38.47,11.36,33.71,0.87,0
31.91,31.71,30.3,30.0,13.35,37.38,1.61,0
29.53,29.93,30.4,30.1,13.43,44.71,0.87,0
49.63,49.58,49.0,48.51,14.1,56.63,0.63,0
37.8,37.5,39.46,39.06,13.11,33.79,1.66,0
61.96,61.6,61.57,60.96,12.57,48.2,0.39,0
24.78,24.76,23.48,23.25,13.49,31.69,1.3,0
56.12,55.78,57.56,56.98,13.79,44.75,1.44,0
68.68,67.58,106.34,105.28,13.57,62.46,37.67,1
63.45,64.35,63.04,62.41,12.41,43.55,0.41,0
36.99,37.13,38.68,38.3,11.29,50.49,1.69,0
75.56,76.65,76.04,75.28,13.01,29.73,0.48,0
40.55,40.69,39.23,38.84,12.23,33.09,1.32,0
22.69,22.54,24.67,24.42,11.06,35.0,1.98,0
72.29,73.55,72.35,71.63,11.85,56.5,0.06,0
41.37,41.17,41.76,41.35,11.6,55.57,0.4,0
63.67,62.41,63.71,63.08,14.29,40.67,0.04,0
72.52,71.77,71.41,70.7,11.2,54.16,1.11,0
74.0,74.39,72.57,71.84,11.13,43.05,1.43,0
52.0,51.24,50.42,49.91,12.48,39.36,1.59,0
35.95,35.51,35.94,35.58,13.29,24.52,0.01,0
56.06,56.75,57.43,56.86,12.13,38.8,1.37,0
33.67,33.22,35.55,35.2,11.66,29.32,1.88,0
29.1,28.8,29.83,29.53,14.15,29.93,0.73,0
50.36,50.99,51.89,51.37,14.39,43.45,1.53,0
32.27,32.53,31.68,31.36,13.79,41.37,0.6,0
67.31,68.46,69.27,68.58,11.93,56.91,1.96,0
26.09,25.58,27.42,27.15,13.77,28.26,1.33,0
24.24,24.32,23.21,22.98,13.26,45.99,1.03,0
34.01,33.8,35.84,35.48,11.83,27.43,1.83,0
44.12,44.76,45.23,44.78,11.2,43.15,1.11,0
77.27,76.46,78.16,77.38,14.12,43.8,0.89,0
28.81,28.25,29.11,28.82,13.03,33.91,0.3,0
64.03,65.09,65.99,65.33,12.43,34.62,1.96,0
40.13,39.56,41.85,41.43,11.11,35.74,1.72,0
49.78,49.16,49.41,48.91,11.28,30.92,0.37,0
76.47,75.26,75.32,74.56,12.23,32.67,1.15,0
61.25,61.32,60.67,60.07,13.41,48.64,0.57,0
31.93,32.06,32.29,31.97,11.97,20.2,0.37,0
68.28,67.47,69.16,68.47,14.44,47.22,0.88,0
22.48,22.64,83.36,82.53,16.46,214.19,60.88,1
70.0,70.25,71.66,70.95,11.78,35.1,1.67,0
54.87,54.97,54.17,53.63,11.38,54.97,0.7,0
78.04,76.88,79.96,79.16,14.23,41.05,1.92,0
57.77,56.99,57.33,56.75,11.11,49.81,0.44,0
52.23,51.26,106.68,105.61,16.01,82.51,54.45,1
55.32,55.88,56.5,55.93,12.63,34.15,1.18,0
69.17,70.45,68.38,67.7,13.58,20.91,0.78,0
21.33,21.19,21.88,21.66,11.86,57.94,0.54,0
70.16,69.49,71.29,70.58,13.22,57.87,1.13,0
61.2,61.16,60.33,59.72,13.21,52.08,0.87,0
38.04,37.59,36.65,36.29,13.65,30.97,1.39,0
27.4,27.92,27.17,26.9,11.31,24.17,0.23,0
74.67,74.79,74.4,73.65,11.41,54.38,0.27,0
77.07,77.4,135.85,134.49,15.21,162.47,58.78,1
42.93,43.03,43.41,42.97,12.96,32.76,0.48,0
37.68,37.23,38.22,37.84,14.41,58.46,0.54,0
26.7,26.63,27.64,27.37,14.36,33.75,0.94,0
39.77,40.53,40.38,39.98,11.06,41.72,0.62,0
64.05,65.16,64.5,63.86,12.39,32.42,0.46,0
78.62,78.79,79.15,78.36,12.15,52.59,0.53,0
35.08,34.77,35.99,35.63,13.98,56.29,0.92,0
67.5,68.7,68.21,67.53,13.55,22.3,0.71,0
34.04,34.02,34.51,34.17,11.21,24.75,0.47,0
41.13,41.13,42.08,41.66,12.05,54.39,0.96,0
38.57,38.23,37.4,37.02,11.88,25.51,1.18,0
32.93,33.05,33.08,32.75,13.16,32.02,0.16,0
21.54,21.95,22.21,21.99,14.05,23.16,0.66,0
55.54,56.44,53.57,53.04,12.0,25.14,1.96,0
50.32,50.1,49.42,48.93,11.85,45.84,0.9,0
25.75,25.69,56.95,56.38,12.82,93.52,31.2,1
36.05,35.49,36.43,36.07,11.24,27.14,0.38,0
42.64,43.06,43.73,43.3,12.57,53.43,1.09,0
40.13,40.56,41.75,41.33,12.21,57.61,1.62,0
61.01,59.83,61.06,60.45,11.05,29.56,0.05,0
41.72,41.74,40.44,40.04,14.09,46.76,1.27,0
49.57,49.54,47.96,47.48,13.63,56.02,1.61,0
30.43,29.99,30.04,29.74,12.07,28.78,0.39,0
36.82,37.23,35.04,34.69,13.12,58.65,1.78,0
60.97,61.63,62.93,62.3,12.52,38.26,1.96,0
37.32,37.86,38.44,38.06,12.73,51.42,1.12,0
21.09,20.89,20.52,20.31,12.54,43.51,0.57,0
72.34,71.35,71.03,70.32,13.68,26.37,1.31,0
45.66,46.52,47.0,46.53,13.62,20.73,1.34,0
25.58,25.38,24.95,24.7,13.57,28.13,0.64,0
67.75,69.09,66.48,65.81,12.66,46.42,1.27,0
57.17,58.18,57.57,56.99,13.6,51.03,0.4,0
30.65,30.99,29.28,28.99,11.28,34.22,1.37,0
38.7,39.37,40.28,39.87,12.05,25.86,1.58,0
44.53,44.48,46.16,45.7,13.29,22.05,1.64,0
51.84,52.81,53.56,53.02,12.42,30.84,1.72,0
29.58,29.08,29.91,29.61,12.52,21.74,0.32,0
43.0,42.68,42.33,41.91,11.93,37.04,0.67,0
22.96,23.14,21.45,21.24,13.85,50.45,1.51,0
32.49,32.19,33.15,32.82,13.3,53.15,0.66,0
29.14,29.05,30.55,30.25,11.01,38.2,1.41,0
39.95,40.71,39.48,39.08,14.28,29.86,0.47,0
31.43,31.42,33.22,32.89,11.48,48.22,1.79,0
60.71,61.25,62.33,61.71,13.45,22.44,1.62,0
23.54,23.87,25.28,25.03,11.26,48.12,1.75,0
70.59,71.54,68.96,68.27,12.24,55.34,1.62,0
77.25,76.63,78.52,77.73,12.97,47.02,1.27,0
77.38,78.79,77.37,76.6,13.75,24.27,0.01,0
46.29,45.66,44.47,44.03,12.31,29.93,1.82,0
40.4,40.78,41.73,41.31,12.54,54.9,1.33,0
48.61,48.14,50.02,49.52,12.08,42.0,1.4,0
64.05,65.05,64.24,63.59,11.35,44.81,0.19,0
64.95,64.19,66.1,65.43,12.72,26.07,1.15,0
62.78,62.31,63.43,62.8,12.17,54.57,0.65,0
66.79,67.82,66.36,65.69,11.96,23.33,0.44,0
62.24,63.08,62.58,61.96,12.5,38.25,0.35,0
29.52,29.02,28.28,28.0,13.97,31.73,1.24,0
62.83,62.16,63.68,63.05,12.89,32.06,0.85,0
51.51,52.45,52.91,52.38,11.85,33.23,1.4,0
55.84,55.12,56.13,55.57,12.03,28.18,0.29,0
75.79,76.92,74.08,73.34,11.67,22.05,1.71,0
48.54,48.81,48.02,47.54,13.37,22.45,0.52,0
75.7,75.35,75.5,74.75,14.05,38.68,0.2,0
27.36,27.6,28.61,28.33,11.94,52.17,1.26,0
36.09,35.37,36.09,35.72,14.41,24.19,0.0,0
78.79,79.4,79.05,78.26,12.05,40.62,0.26,0
53.07,52.52,51.1,50.59,13.88,40.25,1.97,0
48.04,48.24,46.6,46.14,11.55,52.58,1.44,0
79.32,80.15,78.12,77.34,11.62,21.71,1.19,0
61.83,62.01,62.09,61.47,14.46,52.83,0.25,0
26.58,26.34,27.26,26.99,11.91,49.15,0.68,0
20.75,20.95,19.04,18.85,11.46,22.57,1.71,0
20.99,20.86,21.08,20.87,12.23,57.19,0.09,0
38.09,37.42,36.52,36.15,12.16,56.25,1.57,0
20.3,20.15,21.44,21.22,12.13,27.32,1.14,0
35.73,35.31,34.14,33.79,11.23,23.11,1.59,0
52.67,52.48,51.69,51.18,14.05,46.13,0.98,0
34.53,34.17,33.79,33.45,11.49,49.09,0.75,0
31.23,30.94,32.15,31.83,14.47,22.2,0.92,0
42.81,42.4,42.62,42.2,12.72,33.17,0.19,0
39.63,40.02,38.05,37.67,11.72,57.2,1.58,0
55.66,56.3,57.14,56.57,12.64,52.94,1.47,0
37.74,37.7,36.15,35.79,12.53,51.91,1.59,0
34.33,34.72,34.46,34.12,12.24,54.02,0.13,0
70.93,71.04,69.69,68.99,13.29,47.24,1.25,0
68.02,67.95,66.25,65.59,11.5,47.22,1.77,0
59.94,59.71,60.07,59.47,12.73,23.61,0.13,0
53.89,54.44,53.86,53.32,12.87,29.94,0.03,0
42.74,42.38,42.74,42.31,11.69,36.91,0.0,0
57.59,56.83,57.9,57.32,14.21,21.19,0.31,0
22.49,22.92,21.81,21.6,11.08,52.07,0.67,0
57.57,56.49,58.59,58.01,12.17,44.93,1.02,0
72.86,71.41,71.9,71.18,12.27,57.21,0.95,0
47.74,48.32,46.88,46.42,14.42,43.32,0.86,0
39.69,39.87,41.43,41.02,12.94,31.66,1.75,0
35.23,34.61,33.25,32.92,13.09,39.1,1.99,0
79.57,79.29,79.94,79.14,12.9,56.31,0.37,0
60.41,60.29,60.7,60.1,13.05,47.45,0.29,0
47.08,46.78,46.17,45.71,11.4,52.01,0.91,0
33.07,32.92,34.07,33.73,12.34,42.13,1.0,0
36.26,36.91,100.27,99.27,11.62,159.28,64.01,1
26.54,27.05,25.8,25.54,14.19,43.23,0.73,0
78.63,79.86,79.06,78.27,14.47,33.0,0.43,0
32.91,33.32,31.6,31.28,11.84,33.12,1.31,0
26.34,26.54,27.84,27.57,13.76,25.42,1.51,0
29.59,30.13,29.33,29.04,11.21,50.37,0.26,0
61.98,62.9,60.1,59.5,12.24,42.53,1.88,0
38.65,38.34,39.06,38.67,12.27,33.81,0.42,0
53.03,53.99,52.82,52.29,12.38,35.23,0.21,0
46.11,45.44,44.16,43.72,12.14,20.1,1.95,0
56.24,55.64,86.64,85.77,14.67,134.5,30.4,1
38.04,37.71,39.72,39.33,13.03,28.04,1.68,0
23.78,24.14,25.16,24.91,11.48,38.21,1.39,0
62.77,61.71,63.15,62.52,14.12,31.03,0.38,0
27.15,26.92,26.6,26.33,13.95,38.48,0.55,0
35.5,35.7,34.57,34.22,13.33,57.31,0.93,0
67.54,67.04,68.76,68.07,14.48,30.3,1.22,0
22.55,22.36,23.76,23.53,13.23,59.3,1.22,0
36.15,36.85,37.13,36.76,11.82,42.09,0.98,0
50.52,50.89,49.94,49.44,12.98,41.4,0.58,0
36.92,37.36,37.67,37.29,13.76,27.69,0.75,0
24.7,24.55,22.96,22.73,12.44,47.04,1.75,0
34.14,33.77,34.34,33.99,14.38,59.66,0.19,0
46.52,46.16,48.07,47.59,11.43,52.2,1.55,0
60.17,59.26,58.82,58.23,12.57,41.93,1.35,0
75.76,77.24,75.82,75.06,12.54,32.77,0.06,0
65.05,65.12,65.52,64.86,13.46,43.61,0.46,0
36.51,36.49,38.28,37.89,12.35,23.42,1.77,0
53.81,54.05,54.92,54.37,12.52,37.1,1.12,0
53.65,54.04,53.39,52.86,11.85,35.54,0.26,0
50.15,50.66,48.15,47.67,11.1,21.24,2.0,0
45.36,45.35,45.16,44.71,14.38,43.08,0.2,0
45.56,44.95,44.13,43.69,13.77,53.93,1.43,0
55.54,55.28,55.36,54.81,14.08,34.71,0.18,0
66.36,65.54,68.23,67.55,13.28,29.09,1.87,0
36.28,36.72,36.45,36.08,12.56,48.34,0.17,0
37.34,37.27,37.42,37.04,13.53,42.6,0.08,0
64.69,65.01,64.54,63.9,12.97,32.09,0.14,0
41.18,40.81,41.14,40.73,13.96,59.47,0.04,0
24.66,24.79,25.92,25.66,12.75,59.83,1.27,0
79.78,80.54,79.73,78.94,12.68,58.6,0.05,0
24.28,24.57,22.68,22.46,14.37,45.93,1.6,0
42.53,43.33,41.57,41.16,11.35,41.34,0.96,0
35.74,35.2,35.97,35.61,12.98,46.91,0.23,0
75.0,74.7,76.73,75.96,13.29,20.42,1.73,0
52.89,53.84,50.9,50.39,14.03,59.19,1.99,0
78.13,78.21,117.79,116.61,15.55,193.73,39.67,1
72.15,73.19,72.29,71.57,11.83,36.87,0.14,0
35.91,36.27,35.14,34.78,14.1,45.65,0.78,0
69.87,68.9,70.92,70.21,13.2,39.26,1.05,0
24.92,25.16,25.66,25.4,12.54,54.9,0.74,0
60.38,61.41,59.19,58.6,14.1,39.52,1.19,0
37.57,38.02,36.66,36.29,12.54,50.93,0.91,0
56.26,55.6,55.1,54.55,11.44,44.4,1.16,0
77.59,78.44,75.89,75.13,13.65,31.77,1.7,0
55.1,56.14,56.22,55.66,11.75,20.92,1.13,0
20.86,20.49,20.29,20.09,13.88,56.37,0.56,0
42.97,43.74,41.79,41.38,14.43,52.61,1.17,0
33.97,33.57,35.89,35.53,12.92,54.58,1.91,0
23.93,24.22,22.21,21.99,11.39,59.83,1.72,0
69.15,69.0,70.54,69.83,12.46,47.8,1.39,0
31.0,30.65,31.0,30.69,14.06,21.91,0.0,0
79.04,77.64,79.05,78.26,14.3,38.63,0.01,0
59.53,59.25,60.18,59.58,12.57,57.42,0.65,0
36.28,35.91,38.2,37.82,12.23,46.85,1.92,0
40.6,40.47,42.49,42.06,13.72,38.22,1.89,0
34.95,34.51,34.82,34.47,14.31,28.18,0.13,0
66.6,66.84,64.72,64.07,14.37,29.92,1.88,0
49.45,49.84,50.27,49.77,12.49,46.44,0.82,0
29.08,29.39,28.42,28.14,13.61,22.58,0.66,0
78.24,77.96,78.96,78.17,12.98,34.42,0.72,0
28.38,28.09,26.4,26.14,12.27,22.96,1.98,0
72.12,71.28,70.94,70.23,13.36,45.58,1.18,0
42.24,41.53,42.28,41.86,13.8,38.06,0.04,0
51.59,51.07,51.25,50.74,12.27,53.52,0.34,0
74.89,74.47,75.05,74.3,14.14,21.43,0.15,0
55.57,55.85,56.24,55.68,14.15,48.42,0.67,0
55.01,55.09,53.49,52.95,11.44,32.95,1.52,0
76.11,74.84,76.5,75.74,14.0,36.53,0.39,0
35.42,36.13,36.63,36.26,12.04,52.4,1.21,0
33.44,33.53,31.72,31.41,13.72,32.73,1.71,0
24.29,24.03,22.99,22.76,11.82,36.59,1.31,0
67.06,67.39,68.56,67.87,13.63,48.42,1.5,0
34.64,34.2,34.38,34.04,12.12,40.66,0.26,0
48.04,48.04,46.89,46.42,13.44,30.38,1.15,0
70.66,70.36,70.27,69.57,13.42,40.89,0.39,0
38.06,38.16,36.88,36.51,11.52,38.88,1.18,0
30.83,30.35,87.16,86.28,13.92,90.93,56.32,1
28.38,27.89,61.38,60.77,15.39,117.66,33.0,1
48.83,48.04,48.17,47.69,13.21,36.53,0.66,0
51.86,52.25,53.85,53.31,13.78,44.8,1.99,0
53.0,54.04,51.16,50.65,11.79,21.43,1.84,0
51.69,50.83,50.82,50.31,12.13,24.94,0.87,0
23.91,23.65,22.63,22.41,13.7,56.57,1.28,0
71.27,70.31,72.62,71.9,12.61,28.79,1.35,0
63.4,63.36,62.53,61.9,14.03,31.6,0.87,0
75.07,75.83,74.12,73.38,14.4,49.99,0.95,0
71.85,73.13,73.78,73.05,12.86,45.96,1.93,0
23.06,22.89,23.69,23.46,11.04,58.46,0.63,0
34.8,34.97,33.68,33.34,14.39,22.49,1.12,0
41.76,42.25,41.93,41.51,12.68,21.42,0.17,0
54.53,53.44,54.79,54.24,12.07,33.11,0.26,0
52.58,51.96,52.23,51.71,11.33,54.84,0.35,0
21.8,21.44,22.58,22.35,12.63,27.86,0.78,0
24.76,24.28,22.85,22.62,11.87,21.14,1.91,0
39.88,40.49,40.18,39.78,13.54,34.11,0.3,0
41.78,41.76,43.25,42.82,13.6,24.19,1.47,0
22.57,22.21,21.74,21.52,14.08,45.11,0.83,0
56.2,56.59,56.42,55.85,11.93,47.02,0.22,0
51.68,50.91,52.4,51.88,12.86,54.03,0.72,0
51.52,50.79,52.54,52.02,13.49,34.7,1.02,0
51.61,52.35,117.3,116.13,14.16,212.15,65.69,1
45.38,45.53,46.15,45.69,11.24,26.89,0.77,0
61.48,61.56,62.38,61.76,14.47,38.81,0.9,0
46.86,46.5,44.99,44.54,12.51,21.18,1.87,0
31.36,31.02,33.26,32.92,13.22,49.29,1.9,0
47.0,46.72,120.03,118.83,12.41,206.04,73.03,1
51.16,50.71,51.75,51.23,12.67,47.28,0.59,0
46.92,47.64,45.43,44.98,12.49,22.17,1.49,0
31.62,31.91,31.27,30.95,12.28,31.35,0.36,0
48.82,48.41,48.06,47.58,11.9,42.46,0.76,0
35.29,35.07,35.12,34.76,13.32,54.11,0.17,0
23.18,22.81,23.7,23.46,14.02,33.56,0.52,0
46.6,46.51,46.96,46.49,12.99,38.3,0.36,0
53.14,52.96,52.37,51.85,11.13,20.33,0.77,0
49.09,49.47,50.12,49.62,11.88,40.41,1.02,0
62.78,63.99,110.38,109.28,12.74,154.86,47.6,1
77.15,77.33,75.58,74.82,13.67,59.26,1.57,0
62.55,63.53,61.36,60.74,12.88,54.86,1.19,0
31.03,30.62,29.35,29.06,11.05,26.41,1.68,0
73.1,71.69,71.4,70.68,12.91,57.15,1.71,0
71.14,72.0,124.69,123.45,11.14,47.59,53.56,1
23.93,23.8,24.84,24.59,11.86,50.43,0.9,0
63.61,64.82,61.64,61.02,13.12,52.22,1.97,0
21.13,21.52,22.09,21.86,11.04,24.21,0.96,0
54.66,55.55,55.65,55.09,12.98,48.28,0.99,0
59.6,59.23,59.05,58.46,12.78,22.92,0.56,0
77.5,76.94,76.03,75.27,13.36,42.59,1.47,0
61.16,61.22,135.22,133.86,11.09,208.87,74.06,1
61.57,62.19,62.75,62.12,14.08,22.24,1.18,0
35.59,35.0,34.16,33.82,13.22,31.66,1.43,0
55.66,55.0,55.25,54.69,13.33,33.05,0.41,0
40.3,39.89,40.25,39.84,12.9,20.61,0.05,0
57.7,56.57,59.19,58.6,14.25,46.14,1.49,0
65.79,66.47,65.6,64.95,11.63,34.71,0.19,0
71.28,71.74,70.08,69.38,13.62,56.52,1.2,0
73.87,74.82,116.28,115.11,11.14,114.18,42.4,1
40.79,41.51,39.57,39.17,13.47,22.41,1.22,0
22.17,22.54,22.79,22.56,12.93,50.06,0.62,0
47.73,48.12,47.28,46.81,13.15,39.38,0.45,0
55.85,56.27,54.78,54.23,11.11,34.89,1.08,0
66.24,66.17,67.62,66.94,11.66,52.18,1.38,0
76.92,76.67,77.78,77.0,11.1,31.99,0.86,0
43.95,43.22,41.99,41.57,13.16,37.73,1.96,0
55.95,54.94,54.9,54.35,11.3,43.53,1.05,0
24.54,24.7,22.85,22.62,13.46,26.66,1.69,0
67.94,67.48,68.61,67.92,12.7,53.49,0.66,0
36.86,37.26,37.68,37.3,13.69,27.94,0.82,0
25.69,25.26,25.05,24.8,12.59,27.73,0.65,0
35.05,34.85,35.78,35.42,11.95,52.78,0.72,0
79.38,79.18,80.23,79.43,11.03,31.75,0.85,0
66.7,67.65,68.27,67.59,13.36,24.94,1.57,0
56.27,55.32,54.96,54.41,14.37,50.98,1.31,0
57.48,56.55,55.88,55.32,13.15,40.48,1.6,0
46.55,46.53,46.92,46.45,11.02,39.82,0.37,0
52.2,52.12,51.99,51.47,13.02,58.59,0.21,0
51.89,52.28,50.68,50.17,12.34,47.65,1.21,0
59.34,58.27,60.92,60.31,14.23,36.28,1.58,0
27.11,27.53,27.05,26.78,13.5,53.91,0.06,0
68.16,67.3,68.37,67.69,12.19,26.66,0.22,0
30.92,31.45,29.83,29.53,11.9,47.53,1.09,0
60.55,59.73,61.47,60.85,13.23,52.54,0.92,0
74.09,72.76,72.2,71.47,11.01,51.6,1.9,0
32.79,32.27,34.54,34.2,12.74,54.49,1.76,0
31.68,31.49,30.77,30.47,11.74,25.72,0.9,0
32.31,32.93,31.94,31.62,11.85,21.44,0.37,0
20.93,20.82,21.93,21.71,13.15,28.4,1.0,0
20.86,21.14,18.88,18.69,12.55,45.97,1.98,0
78.18,78.09,76.97,76.2,12.85,57.25,1.21,0
31.02,30.5,31.52,31.21,12.85,26.33,0.5,0
28.66,28.39,30.47,30.17,13.03,50.71,1.81,0
26.39,26.5,25.45,25.19,13.34,37.62,0.95,0
35.8,35.31,35.68,35.33,11.56,29.89,0.11,0
48.37,48.46,47.39,46.92,12.82,43.31,0.97,0
55.65,55.65,56.19,55.62,13.39,51.28,0.53,0
36.65,37.14,35.08,34.72,12.42,53.45,1.58,0
40.1,39.74,39.97,39.57,13.84,38.39,0.13,0
33.17,33.8,32.54,32.21,13.96,47.35,0.63,0
69.57,70.86,71.35,70.64,12.58,39.72,1.78,0
75.6,75.94,74.6,73.86,11.93,23.32,0.99,0
28.11,27.97,29.59,29.29,13.86,45.58,1.48,0
56.44,57.47,56.72,56.16,12.29,42.64,0.28,0
62.64,63.79,61.77,61.15,13.21,44.04,0.87,0
61.96,61.85,61.44,60.83,14.41,22.79,0.52,0
47.12,46.93,46.68,46.21,13.59,58.29,0.44,0
58.69,57.58,59.58,58.98,12.38,28.24,0.89,0
63.89,63.33,65.5,64.84,11.2,39.24,1.61,0
39.2,39.13,37.75,37.37,11.27,38.47,1.45,0
51.59,52.44,50.28,49.78,12.79,42.31,1.31,0
56.16,57.12,54.55,54.01,11.28,27.67,1.6,0
63.73,63.28,64.73,64.08,11.01,29.17,1.0,0
38.57,38.88,37.95,37.57,12.39,48.29,0.62,0
25.0,24.88,26.42,26.16,13.65,51.72,1.42,0
34.78,34.45,35.31,34.96,13.26,39.39,0.54,0
35.24,35.29,34.4,34.05,11.38,43.54,0.85,0
58.62,57.79,59.42,58.83,11.4,40.79,0.81,0
23.62,23.51,24.73,24.48,11.21,51.81,1.11,0
76.36,76.12,104.26,103.22,15.06,110.06,27.9,1
29.72,29.66,29.84,29.54,13.93,24.83,0.12,0
21.66,22.0,23.44,23.21,14.31,20.95,1.78,0
59.76,58.58,58.5,57.91,12.76,51.97,1.26,0
32.01,31.9,31.53,31.21,12.26,24.22,0.48,0
71.6,71.49,72.35,71.63,12.66,57.09,0.75,0
67.19,66.07,65.55,64.9,13.84,41.47,1.63,0
33.02,33.57,31.92,31.6,14.02,25.58,1.1,0
49.9,50.42,49.43,48.94,11.99,25.03,0.46,0
57.6,58.69,56.13,55.57,11.55,25.68,1.47,0
50.15,49.63,51.0,50.49,11.24,40.52,0.85,0
54.39,53.99,53.37,52.84,12.05,36.81,1.02,0
59.35,60.03,58.77,58.18,12.87,46.97,0.58,0
54.53,55.25,55.96,55.4,13.03,47.41,1.43,0
69.36,68.74,68.93,68.24,13.39,47.35,0.43,0
49.96,50.55,49.1,48.61,14.47,53.32,0.86,0
26.41,26.65,26.44,26.17,14.25,34.72,0.03,0
76.18,75.66,77.97,77.19,13.17,32.93,1.79,0
63.32,63.68,62.89,62.26,12.01,56.36,0.44,0
74.72,75.37,75.74,74.98,12.92,20.68,1.01,0
36.78,36.9,35.87,35.51,14.34,44.59,0.91,0
73.59,74.33,73.85,73.11,12.29,45.74,0.26,0
28.53,28.2,29.81,29.51,11.51,45.54,1.29,0
62.9,62.96,62.83,62.2,12.84,38.9,0.07,0
70.84,69.86,69.76,69.06,11.18,49.58,1.09,0
21.51,21.12,22.36,22.13,11.98,31.71,0.84,0
65.97,66.83,64.58,63.94,11.27,32.39,1.38,0
49.78,49.83,47.91,47.43,14.03,29.77,1.88,0
64.63,63.73,63.19,62.56,11.52,44.75,1.44,0
67.17,67.85,66.22,65.55,13.99,29.69,0.95,0
35.34,35.52,36.04,35.68,13.37,24.31,0.7,0
37.34,36.66,36.31,35.95,13.27,21.81,1.03,0
70.59,70.58,72.24,71.51,12.33,29.23,1.64,0
61.39,62.28,59.56,58.97,11.99,55.59,1.83,0
35.82,36.35,33.87,33.53,14.07,56.92,1.94,0
35.56,36.14,36.73,36.36,11.82,50.68,1.17,0
60.97,62.09,60.18,59.58,14.05,23.07,0.79,0
72.4,72.98,74.38,73.63,12.85,20.99,1.98,0
51.23,51.16,53.16,52.63,14.47,24.46,1.93,0
51.47,52.02,52.12,51.6,11.75,53.09,0.65,0
31.79,31.43,30.1,29.8,13.14,54.3,1.69,0
77.84,78.21,75.94,75.18,13.24,47.86,1.9,0
44.62,45.18,43.8,43.37,11.31,56.64,0.82,0
53.23,53.22,53.03,52.5,13.29,36.22,0.2,0
34.33,34.56,32.35,32.03,11.78,25.05,1.98,0
67.03,67.79,67.57,66.89,12.54,46.83,0.54,0
68.81,69.48,70.77,70.06,12.72,26.72,1.96,0
33.32,33.87,32.72,32.39,11.46,34.96,0.6,0
56.01,56.33,85.26,84.4,15.6,24.45,29.25,1
63.19,62.79,63.62,62.98,12.53,57.01,0.43,0
58.72,59.03,123.21,121.98,15.94,180.09,64.49,1
66.9,66.29,65.4,64.75,12.79,27.93,1.5,0
74.08,75.33,72.71,71.98,11.66,23.5,1.37,0
26.36,26.79,28.26,27.97,14.06,41.46,1.89,0
77.0,78.1,75.51,74.75,12.27,28.17,1.49,0
79.19,79.73,77.53,76.75,11.5,32.59,1.66,0
33.85,33.9,34.17,33.83,12.09,55.65,0.33,0
64.27,63.13,65.92,65.26,14.16,20.15,1.65,0
39.87,40.19,37.92,37.54,12.74,27.53,1.95,0
50.66,50.81,49.7,49.2,12.44,28.71,0.96,0
71.13,71.82,72.1,71.37,12.77,34.16,0.96,0
30.88,30.49,29.73,29.43,14.14,47.29,1.16,0
46.27,46.16,48.21,47.73,11.5,26.16,1.95,0
54.06,54.78,52.65,52.13,12.05,48.96,1.41,0
64.18,65.03,65.18,64.53,11.33,52.7,1.0,0
78.5,79.93,79.92,79.12,13.75,45.36,1.42,0
29.52,29.5,28.04,27.76,12.23,59.14,1.48,0
56.69,56.95,57.78,57.21,13.78,34.55,1.09,0
67.12,67.46,65.14,64.49,12.62,53.4,1.98,0
78.96,77.66,77.21,76.44,12.06,34.55,1.75,0
28.41,28.83,26.69,26.42,14.25,28.73,1.72,0
57.76,57.0,57.34,56.77,13.56,59.38,0.42,0
79.45,78.96,79.39,78.59,13.02,23.32,0.06,0
74.74,75.48,73.08,72.35,11.23,30.84,1.66,0
77.49,76.33,75.85,75.09,12.79,38.31,1.64,0
47.98,47.34,46.4,45.94,11.85,50.72,1.58,0
75.67,76.86,77.26,76.49,14.28,20.33,1.59,0
37.91,37.95,37.28,36.91,12.0,51.08,0.62,0
62.1,61.84,60.11,59.51,13.54,42.36,1.98,0
61.41,61.49,61.21,60.6,11.85,22.79,0.19,0
76.08,76.29,74.92,74.17,14.5,57.09,1.16,0
60.44,60.06,61.44,60.83,13.35,38.9,1.0,0
40.24,40.36,41.74,41.33,14.22,57.74,1.5,0
47.98,47.28,46.59,46.13,11.8,43.55,1.39,0
72.6,73.89,72.15,71.43,12.87,48.87,0.45,0
47.73,47.16,101.58,100.56,16.64,205.47,53.84,1
65.8,64.93,66.12,65.46,12.95,45.25,0.32,0
60.39,60.29,61.63,61.02,12.92,36.82,1.24,0
26.13,25.94,25.88,25.62,14.24,45.66,0.25,0
64.23,63.28,64.87,64.22,12.67,56.06,0.64,0
53.55,53.24,51.72,51.2,11.06,22.11,1.83,0
59.49,60.01,116.68,115.51,17.62,108.87,57.19,1
21.78,21.99,21.74,21.52,12.22,48.54,0.03,0
71.51,71.76,70.8,70.1,12.72,59.34,0.7,0
20.58,20.63,22.49,22.27,12.28,52.09,1.91,0
75.17,76.26,75.11,74.36,12.86,34.02,0.06,0
36.76,36.76,37.16,36.79,14.06,40.86,0.41,0
62.83,61.68,61.92,61.3,14.1,48.37,0.92,0
42.82,43.51,43.52,43.09,13.81,58.29,0.7,0
57.43,58.33,56.68,56.12,12.23,34.75,0.75,0
32.26,32.35,33.17,32.84,11.89,41.4,0.91,0
44.0,43.6,42.71,42.28,13.73,44.0,1.29,0
48.75,47.86,49.13,48.64,13.63,56.37,0.38,0
60.06,59.01,61.95,61.33,13.2,56.79,1.89,0
72.18,73.48,73.99,73.25,11.32,52.38,1.81,0
68.47,67.34,67.17,66.5,14.45,58.28,1.3,0
60.52,61.17,60.86,60.25,12.56,47.53,0.33,0
23.92,23.9,69.44,68.75,13.87,179.87,45.52,1
26.27,26.19,27.36,27.08,11.36,43.92,1.08,0
74.9,73.57,75.71,74.95,11.83,43.52,0.81,0
45.94,46.56,45.65,45.19,13.94,29.83,0.29,0
20.09,19.98,19.72,19.52,13.81,42.8,0.38,0
78.59,79.78,79.77,78.97,12.28,52.02,1.18,0
38.82,38.75,70.13,69.43,14.82,123.64,31.31,1
29.04,29.08,65.81,65.15,14.07,164.28,36.77,1
45.42,45.83,45.3,44.84,11.78,38.32,0.12,0
52.45,52.55,50.77,50.27,13.52,21.31,1.67,0
61.19,60.84,61.66,61.04,12.44,28.6,0.47,0
39.81,39.23,39.99,39.59,12.27,32.55,0.18,0
56.96,57.26,56.47,55.91,13.49,28.82,0.49,0
36.86,37.26,35.87,35.51,11.76,31.15,0.98,0
40.59,40.92,40.64,40.23,14.14,20.53,0.04,0
29.95,30.42,30.5,30.2,12.99,55.71,0.55,0
23.42,23.37,24.41,24.17,12.87,50.47,0.99,0
71.08,71.96,70.67,69.97,14.31,46.23,0.4,0
66.06,66.5,65.05,64.4,11.9,28.83,1.01,0
24.14,23.81,22.3,22.07,14.43,45.91,1.84,0
64.49,65.68,62.8,62.17,12.25,52.73,1.69,0
76.15,76.89,76.57,75.8,12.68,22.54,0.42,0
42.3,42.08,42.05,41.63,11.24,22.7,0.25,0
51.18,51.1,49.63,49.13,11.48,25.18,1.55,0
29.28,29.16,29.38,29.08,13.53,35.82,0.1,0
43.99,43.29,45.13,44.68,13.88,57.96,1.14,0
20.86,21.11,21.47,21.26,11.16,45.7,0.62,0
31.13,31.09,29.21,28.92,11.89,39.98,1.92,0
25.33,25.75,25.3,25.05,11.8,36.34,0.03,0
75.21,73.74,73.44,72.7,11.31,27.4,1.77,0
32.79,32.64,99.17,98.18,14.0,31.59,66.38,1
43.13,42.92,42.89,42.46,12.05,53.15,0.24,0
70.37,70.9,140.59,139.19,11.44,103.21,70.22,1
47.1,47.38,47.29,46.81,12.07,56.55,0.18,0
56.01,56.0,56.59,56.03,13.74,22.29,0.58,0
66.22,65.29,68.11,67.43,14.32,40.02,1.89,0
52.55,52.83,52.6,52.08,14.14,50.07,0.05,0
60.79,60.71,61.54,60.93,11.18,29.66,0.75,0
52.67,53.06,53.37,52.84,14.18,33.5,0.7,0
32.88,33.52,30.89,30.59,14.04,38.34,1.99,0
29.59,29.6,30.47,30.16,11.27,35.07,0.88,0
75.56,74.3,76.18,75.42,13.8,28.01,0.61,0
37.56,37.13,38.99,38.6,12.24,40.27,1.43,0
43.55,42.71,42.52,42.09,14.09,46.31,1.04,0
39.01,38.92,38.44,38.05,12.34,31.69,0.57,0
41.82,40.99,41.78,41.36,13.57,35.83,0.04,0
55.04,55.76,55.93,55.37,11.49,50.97,0.9,0
33.02,32.37,32.34,32.01,13.12,35.76,0.69,0
56.18,57.12,54.53,53.98,13.09,47.25,1.65,0
36.33,36.05,37.28,36.91,14.03,21.62,0.96,0
72.11,72.03,73.49,72.75,12.86,41.84,1.37,0
76.33,75.49,76.95,76.18,13.3,54.54,0.61,0
75.21,75.54,73.32,72.59,11.64,44.43,1.89,0
37.47,37.84,38.25,37.87,14.05,35.58,0.78,0
54.4,54.28,56.32,55.75,13.59,28.76,1.92,0
74.93,76.42,73.05,72.32,11.11,45.75,1.88,0
34.29,33.95,36.28,35.92,11.71,53.58,1.98,0
29.14,29.37,30.93,30.62,12.13,52.29,1.79,0
75.45,76.61,77.02,76.25,13.27,25.47,1.57,0
55.49,55.58,56.03,55.47,11.32,55.81,0.54,0
71.27,70.85,70.14,69.43,12.56,46.33,1.13,0
26.6,26.55,28.05,27.77,13.2,21.31,1.44,0
27.23,27.31,27.27,27.0,12.83,41.39,0.04,0
49.06,48.5,49.83,49.33,13.22,54.66,0.77,0
76.4,76.25,77.89,77.11,12.83,54.9,1.5,0
26.11,26.38,26.82,26.55,12.35,53.36,0.71,0
39.87,40.26,39.83,39.43,12.7,52.75,0.04,0
22.08,22.23,20.52,20.32,13.25,23.79,1.56,0
65.91,65.06,67.82,67.14,11.78,52.19,1.91,0
20.47,20.64,20.12,19.92,11.89,26.57,0.35,0
70.7,70.58,72.13,71.41,13.17,44.83,1.43,0
72.78,71.45,70.83,70.12,13.53,40.05,1.95,0
23.54,23.89,23.2,22.96,12.53,41.38,0.34,0
62.85,62.07,61.3,60.69,11.24,58.39,1.55,0
23.12,23.39,22.68,22.45,12.33,36.25,0.44,0
62.87,64.09,61.46,60.84,13.62,31.53,1.41,0
63.59,63.37,64.72,64.07,11.39,21.16,1.13,0
64.53,65.74,64.05,63.41,11.4,56.41,0.48,0
21.06,21.39,21.21,21.0,11.68,29.79,0.14,0
23.58,23.83,25.02,24.77,13.16,56.93,1.44,0
58.46,57.94,60.2,59.6,13.91,59.35,1.74,0
44.28,45.11,44.66,44.22,12.94,31.2,0.39,0
39.54,39.69,37.63,37.25,13.6,52.99,1.91,0
71.8,71.42,72.26,71.54,11.38,34.85,0.46,0
25.54,25.9,25.64,25.38,12.41,50.5,0.1,0
55.26,55.3,57.16,56.58,12.78,30.07,1.89,0
69.32,69.4,68.25,67.57,13.64,43.93,1.07,0
30.3,30.04,32.0,31.68,14.21,35.17,1.69,0
72.96,71.59,71.93,71.21,13.32,32.22,1.03,0
77.24,78.16,78.59,77.8,11.69,54.49,1.35,0
54.71,55.02,55.96,55.4,13.77,22.53,1.26,0
68.34,68.93,67.16,66.49,13.38,54.88,1.18,0
70.21,70.92,68.23,67.55,12.61,49.18,1.98,0
31.65,31.59,32.1,31.78,13.68,50.61,0.45,0
75.91,77.41,74.21,73.47,11.48,45.85,1.7,0
75.66,74.48,75.2,74.44,13.32,39.36,0.47,0
63.64,64.58,64.91,64.26,11.3,58.85,1.27,0
78.6,77.08,77.56,76.79,13.17,31.47,1.03,0
64.68,65.83,65.56,64.9,13.29,43.3,0.88,0
66.67,67.09,65.05,64.4,13.32,41.61,1.62,0
45.91,45.89,46.16,45.7,11.59,46.6,0.25,0
42.68,43.12,43.35,42.92,14.5,41.09,0.67,0
59.74,59.51,60.99,60.38,13.96,22.8,1.24,0
29.87,30.19,27.91,27.63,12.73,51.02,1.95,0
52.44,53.47,51.25,50.74,11.66,36.45,1.19,0
62.53,63.41,64.53,63.88,11.14,44.2,1.99,0
23.77,24.09,25.57,25.32,13.98,20.3,1.81,0
65.92,67.02,66.1,65.44,11.01,37.18,0.18,0
52.05,52.72,51.87,51.36,13.13,21.67,0.17,0
53.64,54.34,53.58,53.04,13.8,41.77,0.06,0
42.33,43.13,43.32,42.89,13.08,28.96,0.99,0
21.67,21.35,23.38,23.15,14.03,50.22,1.71,0
37.3,37.59,37.09,36.72,13.8,31.87,0.21,0
56.26,56.88,58.17,57.59,14.18,21.24,1.91,0
50.4,49.74,52.19,51.67,12.35,51.14,1.79,0
60.46,61.45,62.19,61.57,13.45,24.12,1.73,0
75.41,75.85,73.87,73.13,12.36,40.59,1.54,0
70.9,71.52,71.41,70.69,11.36,42.12,0.51,0
22.8,22.9,23.84,23.6,13.16,20.7,1.04,0
31.46,30.95,30.61,30.3,12.29,43.42,0.85,0
53.09,54.06,54.5,53.95,12.5,38.06,1.41,0
46.14,46.64,44.54,44.1,12.28,20.45,1.6,0
34.37,34.81,33.85,33.51,11.81,53.76,0.53,0
56.51,55.62,129.3,128.0,14.63,162.4,72.79,1
28.88,29.31,28.88,28.59,13.53,55.23,0.01,0
22.31,22.7,21.86,21.64,11.09,59.11,0.45,0
25.6,25.81,24.25,24.01,13.76,56.46,1.35,0
66.64,67.46,64.82,64.17,13.27,29.43,1.82,0
75.1,75.77,73.17,72.44,12.99,24.96,1.93,0
64.68,65.55,63.06,62.43,11.66,50.55,1.61,0
32.32,32.72,31.3,30.99,13.04,37.48,1.01,0
65.53,66.36,64.71,64.06,12.53,57.71,0.82,0
66.92,67.69,68.73,68.04,12.49,40.65,1.8,0
52.96,53.22,54.46,53.92,11.43,45.31,1.5,0
58.72,59.84,60.26,59.66,14.46,27.13,1.55,0
63.61,63.01,61.87,61.26,11.52,32.74,1.73,0
76.57,77.92,74.67,73.93,12.62,54.05,1.9,0
55.53,54.93,54.56,54.01,13.87,59.7,0.97,0
66.38,67.63,66.03,65.37,14.22,53.89,0.34,0
32.8,32.54,33.8,33.47,13.21,37.89,1.01,0
28.12,27.79,26.19,25.93,13.48,23.3,1.93,0
60.56,60.55,62.21,61.59,12.4,53.43,1.65,0
77.56,77.03,77.29,76.51,13.5,36.56,0.28,0
63.85,62.7,63.73,63.1,14.4,35.17,0.12,0
74.3,73.12,73.25,72.51,12.96,55.16,1.05,0
61.98,62.08,61.19,60.58,12.06,24.76,0.79,0
55.13,55.99,55.64,55.09,12.9,46.27,0.51,0
65.45,65.93,66.62,65.96,11.63,49.36,1.18,0
53.58,53.13,99.85,98.85,11.43,158.58,46.27,1
56.38,57.42,55.08,54.53,12.06,35.38,1.3,0
46.46,45.56,102.27,101.25,15.48,162.8,55.81,1
58.31,57.95,58.13,57.55,12.68,22.66,0.18,0
36.9,37.41,38.28,37.89,12.34,21.48,1.38,0
34.45,34.13,35.34,34.99,11.56,40.83,0.89,0
44.68,44.35,44.48,44.03,12.33,20.62,0.2,0
71.86,72.46,72.66,71.94,13.94,56.4,0.8,0
68.57,67.28,66.68,66.01,13.15,25.88,1.9,0
35.12,35.07,34.05,33.7,13.72,21.42,1.07,0
60.94,60.89,60.99,60.38,11.81,39.91,0.05,0
57.66,58.36,57.06,56.49,12.8,31.82,0.6,0
77.79,76.71,79.58,78.79,14.32,32.51,1.8,0
40.04,39.34,38.8,38.41,11.42,56.09,1.24,0
40.25,39.75,39.47,39.08,12.15,22.02,0.78,0
54.76,54.91,54.01,53.47,13.69,31.43,0.75,0
44.12,44.34,45.41,44.96,13.83,42.97,1.29,0
61.65,61.69,61.0,60.39,13.21,21.35,0.64,0
62.95,63.98,62.28,61.66,11.05,20.03,0.67,0
63.91,64.23,62.23,61.61,12.99,41.87,1.68,0
60.07,59.32,58.2,57.62,13.19,31.5,1.87,0
36.18,36.77,36.29,35.92,13.82,54.41,0.1,0
34.46,34.25,35.89,35.53,11.26,48.05,1.43,0
21.37,21.76,19.97,19.77,11.38,39.41,1.4,0
42.41,42.11,44.36,43.92,12.27,57.71,1.95,0
79.91,80.29,79.33,78.53,11.26,43.8,0.58,0
71.19,71.9,71.39,70.68,12.92,52.46,0.2,0
37.28,37.8,38.54,38.15,14.26,57.17,1.26,0
76.08,75.66,74.69,73.94,11.63,25.1,1.4,0
70.11,69.59,68.4,67.72,12.86,41.22,1.7,0
77.39,76.07,78.97,78.18,11.52,49.9,1.58,0
78.16,79.72,77.02,76.25,13.29,51.81,1.13,0
75.71,74.83,74.46,73.72,13.85,46.89,1.25,0
41.23,40.65,40.71,40.31,13.74,29.0,0.52,0
26.35,25.87,28.29,28.01,14.35,37.41,1.95,0
67.4,67.98,68.33,67.65,14.3,23.3,0.93,0
44.29,44.19,43.48,43.04,12.18,35.79,0.81,0
73.23,72.87,71.53,70.81,13.44,58.44,1.7,0
57.11,56.71,57.82,57.24,12.93,58.24,0.71,0
79.42,78.8,77.55,76.78,13.44,42.94,1.87,0
44.67,45.45,43.61,43.18,11.51,34.56,1.05,0
30.81,31.07,31.37,31.06,13.4,57.32,0.56,0
34.48,34.54,36.16,35.8,11.1,53.23,1.68,0
34.63,35.3,36.3,35.94,13.79,47.33,1.67,0
72.33,73.48,70.97,70.26,11.35,33.41,1.35,0
20.85,20.87,21.18,20.97,13.45,32.12,0.33,0
34.54,34.74,36.36,36.0,13.69,28.69,1.82,0
37.12,36.58,37.25,36.88,11.74,38.3,0.13,0
70.29,70.14,70.0,69.3,14.15,30.41,0.29,0
36.81,36.99,38.15,37.77,12.27,38.92,1.34,0
67.06,66.93,67.72,67.04,11.84,50.54,0.66,0
23.95,23.83,25.55,25.3,12.51,39.49,1.61,0
60.83,59.72,62.66,62.03,13.79,32.12,1.84,0
29.46,29.15,28.14,27.85,13.95,26.18,1.32,0
31.98,32.13,33.81,33.47,12.86,57.6,1.83,0
45.01,44.25,44.49,44.05,14.18,31.5,0.52,0
21.19,21.0,22.69,22.47,11.64,41.58,1.5,0
50.81,50.26,52.23,51.7,14.06,30.44,1.42,0
44.35,43.82,45.65,45.19,13.27,30.59,1.29,0
50.44,49.66,51.3,50.78,11.71,26.14,0.85,0
56.94,57.04,57.23,56.66,13.6,24.85,0.3,0
75.31,76.31,74.64,73.89,11.93,30.18,0.67,0
78.9,79.35,78.03,77.25,12.16,35.48,0.87,0
73.67,73.09,75.17,74.42,11.51,41.75,1.49,0
27.59,27.05,29.19,28.9,12.48,36.01,1.6,0
42.17,41.89,40.28,39.88,13.35,28.58,1.89,0
49.32,49.57,48.68,48.19,11.69,48.5,0.64,0
72.05,72.03,111.8,110.68,16.94,45.38,39.75,1
20.52,20.65,21.13,20.92,14.23,31.05,0.61,0
76.23,76.08,76.35,75.59,12.55,21.77,0.12,0
70.41,70.32,70.46,69.75,13.17,29.15,0.05,0
34.55,34.44,33.94,33.6,11.93,29.88,0.61,0
56.73,57.19,58.22,57.63,12.74,51.48,1.49,0
36.83,37.48,35.25,34.9,14.34,46.16,1.58,0
45.67,44.81,44.08,43.64,13.77,50.0,1.59,0
29.75,30.16,28.43,28.15,12.06,21.68,1.32,0
24.93,25.29,24.14,23.9,12.08,30.66,0.8,0
71.1,71.61,69.72,69.02,14.32,44.99,1.38,0
61.05,62.24,60.68,60.07,13.84,55.51,0.37,0
60.68,60.98,59.31,58.72,13.32,21.6,1.36,0
58.16,58.78,59.97,59.37,13.42,43.59,1.81,0
76.58,77.0,75.51,74.76,14.21,53.33,1.06,0
46.49,47.31,47.72,47.24,13.19,39.75,1.23,0
47.78,48.1,48.02,47.54,13.35,30.28,0.23,0
70.68,71.86,71.62,70.9,12.75,57.48,0.94,0
72.54,73.03,70.55,69.84,12.8,56.84,1.99,0
54.9,54.02,55.25,54.7,11.24,48.05,0.35,0
66.82,65.61,65.97,65.31,13.14,43.54,0.85,0
54.2,53.74,55.15,54.6,13.01,26.28,0.94,0
25.95,25.74,25.31,25.05,12.13,21.57,0.65,0
63.87,63.62,63.14,62.5,12.73,51.26,0.73,0
20.84,21.1,22.28,22.05,13.11,31.82,1.44,0
56.36,56.53,54.45,53.91,13.15,25.57,1.91,0
61.73,61.49,62.4,61.77,11.24,28.43,0.67,0
77.28,76.75,77.97,77.19,11.96,32.26,0.69,0
43.44,43.13,44.53,44.08,13.8,39.75,1.08,0
33.18,32.78,34.7,34.36,12.42,20.61,1.52,0
64.42,65.56,64.39,63.75,13.56,20.46,0.03,0
29.87,29.66,30.71,30.4,13.94,57.07,0.84,0
32.3,32.09,31.94,31.62,11.56,45.55,0.36,0
66.63,67.95,67.71,67.04,12.13,41.84,1.08,0
64.72,65.69,65.79,65.14,13.42,39.23,1.07,0
62.94,63.32,62.12,61.5,14.48,51.04,0.82,0
62.56,63.8,63.72,63.08,12.81,32.87,1.15,0
42.11,42.33,41.64,41.23,12.91,48.54,0.46,0
42.87,43.54,40.92,40.51,11.38,41.76,1.96,0
55.79,56.78,54.47,53.92,14.03,23.93,1.32,0
75.96,77.21,76.66,75.9,13.6,41.6,0.7,0
73.88,75.11,72.62,71.89,14.43,55.27,1.27,0
27.29,27.16,28.93,28.64,14.02,47.54,1.64,0
22.93,22.64,21.94,21.72,13.24,46.73,0.98,0
67.55,66.29,69.32,68.63,14.29,51.86,1.78,0
72.88,72.9,74.09,73.35,14.25,51.3,1.21,0
60.83,61.33,61.23,60.62,11.53,41.08,0.4,0
78.91,78.83,79.14,78.35,12.81,40.6,0.23,0
76.05,75.27,75.78,75.03,13.46,23.8,0.26,0
53.25,53.55,52.19,51.67,13.16,29.74,1.06,0
68.77,68.67,66.87,66.2,11.44,25.06,1.9,0
31.81,31.82,30.21,29.9,13.88,40.76,1.6,0
22.15,22.1,22.47,22.25,12.02,22.44,0.32,0
41.99,41.85,87.93,87.05,14.39,145.52,45.94,1
63.12,61.95,63.0,62.37,12.42,51.34,0.12,0
35.1,35.8,36.72,36.36,11.72,32.26,1.62,0
51.73,51.06,50.98,50.47,11.92,53.75,0.75,0
67.38,68.68,65.48,64.82,12.68,54.37,1.9,0
50.54,51.22,49.11,48.62,12.4,27.46,1.43,0
76.09,74.9,78.04,77.26,14.33,44.7,1.95,0
49.97,50.29,48.46,47.98,13.7,45.22,1.51,0
64.88,64.58,64.37,63.73,13.99,40.16,0.51,0
36.01,35.73,34.16,33.82,13.25,23.77,1.85,0
58.03,57.26,59.17,58.58,11.63,37.29,1.15,0
66.79,66.23,126.48,125.22,17.77,204.11,59.69,1
60.49,60.19,61.46,60.85,13.87,27.86,0.98,0
47.74,47.78,49.17,48.68,13.83,32.9,1.43,0
56.81,56.42,55.16,54.61,13.76,48.04,1.65,0
59.12,58.62,60.89,60.28,14.33,42.69,1.78,0
41.93,41.38,40.91,40.5,12.94,28.04,1.03,0
49.83,49.77,50.09,49.59,13.7,21.84,0.26,0
21.88,22.26,20.36,20.16,11.42,22.05,1.52,0
46.56,46.07,46.93,46.47,11.14,21.43,0.37,0
50.11,49.75,50.18,49.68,12.97,43.68,0.07,0
66.55,65.9,105.72,104.66,15.1,156.5,39.16,1
29.68,29.56,28.89,28.6,11.48,55.37,0.8,0
64.54,63.93,63.02,62.39,13.28,36.05,1.53,0
51.31,51.41,50.21,49.71,14.48,27.32,1.1,0
60.41,61.12,59.36,58.76,13.7,57.21,1.06,0
70.27,69.92,71.59,70.88,13.84,32.21,1.32,0
58.2,59.11,57.33,56.76,13.96,33.19,0.87,0
52.87,52.29,52.43,51.9,12.57,30.75,0.44,0
67.22,66.35,68.6,67.92,14.25,20.22,1.39,0
61.98,61.53,60.08,59.48,11.75,27.71,1.9,0
60.96,59.93,59.12,58.53,12.35,58.72,1.84,0
30.77,30.79,31.09,30.78,12.57,46.11,0.32,0
23.14,23.49,22.41,22.19,13.74,50.39,0.72,0
43.94,44.45,44.94,44.49,13.77,52.12,1.01,0
31.55,31.83,30.17,29.87,13.81,20.45,1.38,0
64.39,63.94,65.62,64.97,13.24,36.58,1.23,0
46.96,47.26,47.37,46.9,12.19,58.15,0.4,0
76.62,78.08,76.43,75.66,11.03,53.73,0.19,0
33.02,33.16,104.34,103.3,13.22,209.2,71.32,1
60.67,60.6,60.24,59.64,12.43,56.23,0.43,0
62.11,62.69,62.13,61.51,12.7,33.14,0.02,0
41.21,41.61,41.01,40.6,12.72,28.71,0.2,0
47.77,48.63,83.06,82.23,15.2,80.48,35.29,1
35.45,34.76,37.07,36.7,11.59,50.37,1.62,0
23.14,23.04,23.5,23.27,12.44,23.07,0.37,0
59.43,59.75,58.18,57.6,13.67,52.87,1.25,0
33.78,33.15,33.4,33.07,13.33,24.52,0.38,0
20.6,20.38,20.64,20.43,13.55,23.74,0.04,0
34.9,35.34,33.85,33.51,13.53,43.13,1.05,0
60.17,59.24,59.19,58.59,13.67,26.03,0.98,0
57.87,57.0,56.47,55.91,14.28,40.3,1.4,0
29.42,29.9,30.21,29.91,13.31,23.76,0.79,0
26.06,26.46,27.28,27.01,13.68,39.54,1.23,0
60.65,61.66,59.3,58.7,13.21,30.19,1.35,0
38.18,37.47,39.5,39.1,12.9,42.34,1.31,0
42.71,42.92,42.29,41.86,12.23,35.08,0.43,0
75.4,74.01,148.88,147.4,16.89,78.82,73.48,1
41.0,40.52,42.06,41.63,12.5,59.52,1.06,0
23.76,23.3,21.97,21.75,11.0,27.63,1.79,0
51.18,51.77,50.38,49.88,11.59,22.54,0.8,0
48.15,49.03,48.21,47.73,13.42,58.54,0.06,0
28.96,28.96,27.74,27.46,13.15,34.57,1.23,0
52.44,51.97,54.24,53.7,13.92,24.37,1.8,0
63.17,62.78,61.75,61.14,12.82,47.9,1.42,0
51.93,51.15,51.97,51.46,12.9,36.29,0.04,0
70.42,69.99,70.51,69.81,13.67,49.82,0.09,0
42.67,43.2,116.73,115.56,17.82,147.43,74.06,1
62.51,62.74,62.0,61.38,12.44,59.64,0.51,0
79.62,79.89,79.28,78.49,11.17,50.91,0.34,0
70.85,69.46,71.61,70.89,13.45,49.65,0.76,0
73.94,72.94,74.16,73.42,11.53,35.89,0.22,0
62.19,61.7,60.3,59.7,12.18,53.82,1.89,0
65.83,66.02,66.81,66.14,11.18,31.52,0.98,0
32.01,31.73,31.29,30.98,11.44,31.45,0.72,0
67.7,67.44,68.29,67.61,11.69,26.06,0.59,0
75.32,74.16,76.48,75.71,14.03,34.73,1.16,0
46.28,46.8,44.87,44.42,13.01,25.6,1.41,0
77.42,78.17,77.04,76.27,14.15,35.72,0.38,0
43.42,42.93,41.96,41.54,11.13,22.82,1.46,0
38.61,38.3,40.5,40.09,11.63,55.52,1.88,0
58.91,58.04,60.38,59.78,11.02,46.29,1.47,0
24.81,24.95,26.5,26.24,11.79,49.75,1.7,0
30.8,31.24,29.76,29.46,12.22,24.76,1.04,0
74.0,73.74,75.17,74.42,12.31,32.19,1.17,0
21.06,21.05,22.93,22.7,14.41,57.53,1.87,0
40.24,39.64,40.9,40.5,11.49,27.06,0.67,0
59.68,58.98,59.97,59.37,13.16,21.46,0.29,0
40.83,40.58,42.81,42.38,11.21,32.7,1.98,0
34.5,34.49,34.7,34.35,12.15,45.01,0.2,0
70.89,71.44,69.78,69.08,13.62,44.57,1.11,0
36.01,35.59,34.72,34.38,13.95,48.97,1.28,0
49.58,50.04,51.22,50.71,12.39,24.26,1.64,0
38.47,38.06,39.0,38.61,14.17,31.1,0.54,0
29.3,29.11,30.34,30.03,14.47,46.29,1.03,0
70.3,71.36,70.86,70.15,13.55,53.73,0.56,0
71.1,71.8,72.77,72.04,12.72,53.72,1.67,0
34.78,34.22,34.78,34.43,13.16,33.22,0.0,0
57.41,58.35,58.0,57.42,13.75,35.33,0.59,0
68.99,70.32,69.73,69.03,11.64,58.96,0.74,0
52.78,51.93,51.24,50.73,13.78,28.9,1.54,0
60.85,59.66,60.47,59.87,14.27,38.09,0.38,0
42.63,42.14,43.94,43.5,12.53,22.3,1.32,0
43.91,43.94,44.95,44.5,13.38,48.67,1.04,0
22.26,22.16,20.35,20.15,12.54,53.37,1.9,0
35.74,35.45,36.11,35.75,13.95,51.89,0.37,0
53.27,53.28,51.58,51.06,13.03,40.9,1.69,0
71.52,72.13,71.74,71.03,12.91,24.99,0.22,0
32.39,32.14,32.61,32.28,13.12,35.76,0.22,0
35.18,35.65,37.05,36.68,14.02,30.19,1.87,0
64.39,64.6,66.2,65.54,12.82,51.11,1.81,0
58.6,57.74,59.52,58.92,13.77,48.9,0.92,0
34.54,34.63,32.8,32.48,11.88,25.87,1.73,0
28.76,28.72,29.85,29.55,13.52,57.98,1.09,0
37.29,37.82,38.22,37.84,11.18,23.91,0.93,0
63.0,63.02,64.87,64.22,14.15,25.49,1.87,0
30.36,29.81,31.68,31.36,11.44,47.67,1.32,0
25.81,26.02,26.48,26.22,12.12,38.59,0.67,0
23.45,23.22,23.18,22.95,13.98,45.78,0.27,0
49.16,49.9,47.6,47.12,12.25,55.57,1.56,0
68.3,67.74,67.07,66.4,13.3,35.98,1.23,0
71.53,72.35,72.68,71.95,11.57,58.54,1.15,0
35.88,35.9,34.77,34.42,13.93,30.03,1.11,0
41.92,41.56,43.81,43.37,14.49,34.37,1.89,0
35.58,36.0,37.3,36.92,12.8,25.08,1.72,0
37.08,37.45,38.81,38.42,11.13,46.29,1.73,0
71.58,71.16,71.1,70.39,12.78,30.83,0.48,0
75.72,74.27,74.24,73.5,11.24,24.93,1.48,0
57.7,56.9,56.86,56.29,13.34,36.57,0.83,0
73.19,73.52,73.36,72.63,13.45,34.93,0.17,0
32.94,32.75,31.41,31.1,14.05,33.01,1.53,0
44.36,44.2,45.94,45.48,12.16,35.19,1.57,0
53.8,53.94,55.72,55.17,13.13,39.97,1.92,0
78.14,77.09,77.85,77.07,11.99,44.87,0.29,0
59.43,60.05,60.3,59.7,13.2,49.42,0.87,0
30.05,30.31,31.76,31.44,14.14,54.77,1.7,0
72.71,71.93,71.12,70.41,11.62,31.51,1.58,0
70.91,70.95,70.38,69.67,12.02,48.48,0.53,0
21.83,21.74,21.89,21.67,14.39,28.78,0.06,0
40.64,40.9,41.46,41.04,11.95,25.06,0.81,0
71.3,70.05,69.74,69.04,11.63,28.6,1.56,0
20.69,21.05,19.27,19.08,13.21,25.78,1.42,0
68.31,69.32,66.63,65.96,14.18,31.95,1.68,0
79.84,81.26,80.86,80.05,11.62,36.96,1.02,0
50.39,50.36,48.65,48.17,12.02,30.88,1.74,0
46.75,47.15,45.72,45.26,11.82,40.91,1.03,0
58.19,58.26,56.29,55.73,12.35,50.62,1.9,0
64.63,64.76,64.37,63.73,13.26,36.68,0.25,0
68.45,68.09,69.09,68.4,12.77,52.28,0.65,0
74.97,74.41,74.47,73.73,11.96,20.37,0.5,0
44.16,43.58,46.14,45.68,13.71,50.98,1.98,0
59.28,59.64,59.56,58.97,14.39,21.11,0.28,0
56.29,55.27,55.07,54.52,14.11,51.0,1.22,0
48.96,48.65,50.35,49.85,13.59,26.24,1.39,0
69.82,69.22,71.79,71.08,11.72,36.19,1.97,0
22.23,22.42,21.22,21.0,11.75,38.62,1.01,0
27.38,26.88,26.32,26.05,11.66,51.23,1.06,0
64.68,65.45,63.97,63.33,13.13,23.64,0.71,0
57.74,58.2,59.21,58.62,13.89,28.95,1.47,0
24.95,25.28,25.88,25.62,11.4,35.05,0.93,0
25.26,25.32,26.88,26.62,12.64,28.33,1.62,0
25.75,25.6,27.42,27.15,13.42,41.16,1.67,0
76.26,76.83,75.75,74.99,11.58,31.17,0.51,0
76.73,76.84,77.41,76.64,11.42,42.24,0.69,0
43.94,44.42,42.77,42.34,13.8,48.67,1.17,0
67.84,67.46,67.77,67.09,13.56,23.26,0.06,0
79.57,79.36,79.54,78.75,14.29,30.41,0.02,0
34.81,34.23,33.64,33.3,12.85,34.46,1.17,0
52.6,51.57,51.19,50.67,12.13,45.64,1.42,0
55.78,55.39,102.73,101.71,17.26,171.17,46.95,1
49.71,50.54,51.63,51.12,11.92,47.43,1.92,0
23.42,23.24,22.72,22.49,14.44,25.29,0.7,0
36.33,36.85,36.15,35.79,11.59,27.97,0.18,0
20.73,20.45,22.37,22.15,13.19,30.2,1.63,0
53.93,54.15,53.57,53.03,12.96,47.7,0.36,0
76.19,75.56,75.43,74.67,11.52,55.95,0.76,0
57.53,57.33,57.1,56.53,11.9,34.17,0.43,0
29.2,28.81,31.11,30.8,14.46,52.08,1.91,0
59.79,60.63,61.26,60.65,12.52,20.67,1.48,0
75.88,77.04,121.72,120.5,14.55,141.16,45.83,1
34.85,35.37,36.62,36.25,13.98,23.13,1.77,0
76.54,75.75,74.9,74.15,12.57,45.58,1.64,0
46.61,46.47,47.9,47.42,14.41,25.58,1.29,0
53.22,53.8,53.42,52.89,13.73,51.71,0.2,0
35.71,36.31,36.98,36.61,11.23,59.81,1.26,0
68.99,68.33,68.85,68.16,13.96,41.92,0.13,0
38.82,38.18,37.8,37.42,11.62,34.79,1.01,0
79.38,78.74,81.22,80.41,11.57,58.06,1.84,0
75.83,76.0,74.43,73.68,12.0,44.62,1.4,0
51.66,50.94,51.12,50.61,13.75,57.83,0.54,0
45.48,45.17,44.41,43.97,13.77,28.66,1.07,0
54.3,53.3,52.43,51.9,11.84,56.5,1.87,0
38.87,39.38,38.07,37.69,11.88,46.32,0.8,0
36.68,37.4,36.37,36.01,12.11,26.2,0.31,0
45.12,45.49,45.01,44.56,13.0,28.68,0.11,0
60.37,61.2,61.29,60.68,12.93,30.61,0.93,0
30.82,31.01,32.01,31.69,11.31,37.71,1.19,0
47.26,48.04,49.2,48.71,12.71,30.27,1.94,0
26.83,27.04,28.21,27.93,14.15,43.95,1.38,0
40.9,41.46,39.48,39.09,13.31,46.79,1.42,0
69.91,68.96,136.25,134.89,15.7,92.99,66.34,1
57.1,56.14,56.07,55.5,13.52,41.78,1.03,0
53.58,53.48,54.62,54.07,13.96,36.43,1.04,0
33.6,34.2,33.3,32.97,13.71,51.04,0.3,0
52.92,53.47,54.45,53.91,14.04,33.79,1.53,0
39.34,38.79,39.57,39.17,11.27,44.84,0.23,0
75.79,75.37,77.07,76.29,13.43,25.33,1.27,0
73.2,72.54,138.47,137.08,14.16,191.23,65.27,1
71.29,70.52,73.28,72.55,13.72,23.64,1.99,0
20.61,20.38,21.54,21.32,11.05,51.3,0.93,0
64.98,65.97,63.93,63.29,12.83,30.09,1.05,0
74.67,74.39,75.4,74.65,11.66,56.39,0.73,0
20.64,20.29,18.86,18.67,12.85,54.79,1.78,0
69.74,68.59,71.64,70.93,11.71,28.74,1.9,0
76.67,77.14,76.81,76.04,11.29,35.83,0.14,0
42.74,42.98,42.72,42.29,12.99,54.18,0.02,0
31.55,31.14,32.26,31.94,11.58,48.12,0.71,0
22.08,21.97,24.03,23.79,12.46,29.1,1.95,0
55.79,55.83,57.1,56.53,13.03,32.59,1.3,0
38.22,37.78,38.28,37.9,13.78,23.23,0.06,0
67.12,66.86,66.97,66.3,12.6,52.47,0.15,0
64.62,63.79,63.06,62.43,13.45,32.36,1.56,0
77.3,78.16,75.94,75.18,12.98,25.03,1.36,0
23.96,23.94,22.37,22.15,12.32,37.19,1.59,0
44.24,44.68,44.37,43.93,11.73,56.73,0.13,0
42.46,42.83,44.44,44.0,11.11,50.39,1.98,0
33.07,32.52,31.95,31.63,13.36,33.43,1.12,0
60.39,60.71,61.34,60.73,12.38,25.85,0.96,0
79.08,79.64,77.24,76.47,11.6,32.26,1.84,0
74.1,74.23,72.48,71.75,12.18,22.99,1.63,0
71.63,72.58,70.82,70.11,12.61,45.91,0.81,0
36.03,35.94,34.92,34.57,11.34,48.06,1.12,0
43.13,43.42,41.27,40.86,12.54,44.62,1.85,0
39.93,40.56,75.7,74.94,15.38,137.77,35.77,1
45.27,44.64,46.98,46.51,11.5,42.15,1.71,0
31.67,32.22,32.13,31.81,14.17,57.27,0.46,0
56.11,55.16,54.29,53.75,12.2,20.74,1.82,0
63.23,62.03,61.56,60.94,14.05,47.84,1.67,0
51.03,51.63,51.37,50.86,13.18,51.84,0.34,0
59.23,59.88,60.39,59.79,11.19,46.15,1.16,0
26.42,26.02,26.4,26.14,14.17,20.27,0.02,0
35.64,36.23,35.99,35.63,12.72,20.75,0.35,0
43.81,43.84,43.51,43.07,13.24,23.68,0.3,0
26.32,26.53,27.85,27.57,14.18,49.05,1.54,0
22.95,23.2,24.54,24.3,14.28,24.11,1.6,0
60.51,61.56,60.34,59.73,11.72,22.45,0.17,0
21.69,22.0,53.17,52.63,15.64,52.95,31.47,1
74.7,75.57,76.47,75.7,11.1,40.3,1.77,0
44.71,45.25,43.04,42.61,14.49,42.26,1.67,0
22.65,22.6,22.84,22.61,13.23,46.21,0.19,0
39.47,38.94,92.22,91.29,13.64,74.78,52.75,1
51.72,50.69,51.35,50.83,13.02,34.64,0.37,0
47.32,47.26,49.15,48.65,13.33,27.09,1.83,0
49.57,48.82,49.45,48.96,13.91,36.72,0.12,0
56.95,57.14,57.78,57.21,12.96,20.57,0.83,0
51.66,51.9,50.79,50.29,11.6,22.05,0.87,0
20.62,20.64,19.56,19.37,11.72,20.46,1.05,0
55.42,55.52,55.89,55.34,12.01,21.3,0.48,0
25.15,25.61,25.89,25.64,12.43,43.31,0.74,0
62.6,62.66,64.21,63.57,12.19,38.39,1.61,0
26.04,25.93,25.38,25.12,12.58,48.1,0.66,0
56.81,56.62,57.63,57.06,13.99,30.82,0.82,0
64.46,64.92,62.51,61.88,12.93,58.99,1.96,0
77.9,76.64,79.79,78.99,11.67,35.55,1.89,0
54.88,55.56,54.71,54.16,12.67,40.91,0.17,0
22.98,22.56,23.9,23.66,13.69,46.73,0.92,0
21.24,21.13,20.76,20.56,11.29,31.41,0.47,0
53.03,53.8,53.65,53.11,13.91,32.05,0.62,0
66.16,66.67,66.49,65.83,12.41,28.91,0.33,0
33.89,34.33,35.49,35.13,13.22,58.65,1.59,0
50.6,50.9,51.92,51.4,13.68,22.67,1.31,0
26.34,26.54,25.67,25.41,12.74,29.63,0.67,0
32.18,31.56,31.74,31.42,13.22,43.83,0.45,0
40.8,41.26,39.18,38.79,12.86,31.21,1.62,0
59.33,58.7,58.21,57.63,13.87,25.82,1.12,0
68.13,69.49,67.68,67.0,12.38,39.18,0.45,0
71.53,72.57,71.65,70.94,11.74,40.63,0.12,0
39.65,40.22,39.63,39.24,11.77,39.46,0.01,0
58.74,58.69,57.3,56.72,13.09,22.78,1.44,0
31.41,31.92,32.12,31.79,13.46,31.71,0.71,0
61.57,61.25,59.61,59.02,12.52,44.33,1.96,0
54.76,54.79,54.55,54.0,12.84,23.7,0.21,0
52.49,51.67,51.63,51.12,13.29,27.12,0.85,0
56.34,56.83,55.77,55.22,11.56,50.57,0.56,0
49.65,49.48,47.78,47.3,13.18,24.2,1.87,0
34.56,35.14,34.43,34.08,11.98,23.12,0.13,0
47.28,47.05,46.19,45.73,14.27,26.89,1.09,0
69.7,70.56,71.56,70.84,14.11,37.27,1.85,0
42.81,42.1,41.14,40.73,12.62,55.06,1.67,0
38.26,37.82,39.82,39.42,12.63,32.19,1.56,0
52.53,52.59,80.51,79.71,12.92,30.08,27.98,1
39.73,39.94,40.87,40.46,13.02,21.86,1.14,0
50.53,50.08,52.48,51.96,12.67,40.64,1.95,0
64.82,65.37,66.14,65.48,11.71,55.14,1.32,0
22.95,23.18,21.71,21.49,12.26,27.16,1.24,0
37.77,38.12,39.13,38.74,12.23,37.48,1.36,0
21.04,20.97,22.79,22.56,12.1,42.18,1.74,0
63.4,63.59,62.19,61.56,13.34,46.0,1.21,0
79.25,80.65,80.28,79.47,11.99,44.44,1.02,0
31.8,31.27,31.05,30.74,11.82,29.28,0.75,0
64.32,63.99,63.92,63.28,12.2,38.36,0.4,0
27.56,27.5,29.19,28.9,14.23,52.8,1.63,0
60.18,59.76,60.55,59.95,12.82,54.18,0.38,0
71.63,71.29,71.39,70.68,14.25,45.21,0.23,0
57.58,58.47,58.01,57.43,14.24,32.03,0.43,0
43.77,44.48,43.08,42.65,13.29,26.76,0.7,0
47.5,47.21,46.88,46.41,13.38,49.33,0.62,0
71.24,70.87,69.55,68.86,13.26,28.79,1.69,0
45.37,44.78,43.89,43.45,11.88,32.55,1.48,0
54.1,53.14,53.56,53.03,13.81,30.53,0.54,0
59.68,58.56,60.57,59.96,14.14,48.31,0.89,0
66.47,66.11,67.47,66.8,13.67,28.71,1.0,0
24.13,24.24,25.82,25.56,13.78,32.83,1.69,0
59.11,59.98,130.69,129.38,13.33,179.0,71.57,1
39.45,39.77,39.73,39.34,11.73,22.13,0.29,0
42.31,42.75,43.03,42.6,13.67,42.61,0.71,0
56.02,55.38,55.06,54.51,14.49,44.97,0.95,0
46.03,45.26,46.69,46.22,11.73,20.79,0.65,0
51.3,51.94,52.41,51.89,11.27,23.93,1.11,0
39.56,38.93,38.29,37.91,14.38,50.86,1.26,0
45.41,44.8,45.66,45.2,11.14,55.86,0.24,0
35.63,35.93,34.8,34.45,13.84,57.36,0.83,0
28.56,29.06,26.75,26.48,12.43,39.52,1.8,0
37.84,37.3,68.96,68.27,12.1,205.8,31.12,1
41.62,41.4,39.8,39.4,14.06,59.83,1.82,0
33.36,32.99,31.48,31.17,12.77,40.29,1.88,0
66.21,65.33,65.0,64.35,12.63,40.67,1.21,0
42.42,43.11,42.28,41.86,14.23,33.05,0.14,0
38.36,37.67,39.2,38.81,11.76,48.49,0.84,0
61.28,60.76,59.53,58.94,14.34,37.13,1.75,0
22.03,21.69,21.39,21.17,13.18,43.34,0.64,0
30.08,30.52,29.44,29.14,13.44,52.97,0.65,0
38.32,38.12,37.77,37.39,12.4,41.06,0.55,0
37.98,38.52,37.11,36.74,12.33,32.42,0.87,0
37.68,37.28,39.07,38.68,13.14,50.57,1.39,0
24.44,24.72,26.43,26.16,12.25,48.06,1.98,0
37.24,36.84,35.49,35.14,13.78,40.97,1.75,0
52.87,53.5,52.38,51.86,11.52,27.3,0.49,0
37.99,38.45,39.75,39.35,11.36,35.0,1.76,0
62.66,63.22,61.9,61.28,13.86,38.73,0.77,0
55.41,56.04,56.2,55.64,14.14,40.56,0.79,0
47.99,47.57,46.85,46.38,14.43,41.24,1.14,0
53.36,53.21,54.95,54.4,12.02,32.88,1.59,0
40.4,40.47,39.36,38.96,13.17,59.55,1.04,0
29.43,28.94,30.72,30.41,11.37,29.05,1.29,0
20.2,20.36,20.89,20.68,14.11,55.26,0.69,0
76.91,76.74,78.51,77.72,11.68,53.51,1.6,0
75.18,74.87,75.77,75.01,13.87,46.99,0.59,0
58.84,59.8,59.62,59.03,14.12,59.63,0.78,0
69.55,70.22,68.45,67.77,11.58,54.95,1.1,0
61.49,61.17,60.75,60.14,11.79,32.5,0.75,0
67.43,67.1,67.33,66.65,11.52,46.31,0.1,0
51.26,51.55,52.12,51.6,12.76,34.13,0.86,0
72.58,73.96,74.5,73.75,12.0,20.21,1.91,0
75.09,74.16,74.25,73.51,14.14,29.5,0.83,0
23.56,23.62,23.93,23.69,12.5,59.95,0.37,0
45.6,45.29,47.08,46.61,13.85,22.33,1.48,0
72.22,71.21,71.69,70.98,11.29,36.74,0.52,0
61.47,62.17,62.94,62.31,11.34,22.69,1.46,0
46.78,45.85,48.53,48.05,13.38,35.09,1.76,0
63.5,64.41,61.71,61.09,11.1,55.56,1.79,0
66.11,67.28,66.51,65.84,12.01,30.79,0.4,0
43.04,42.31,42.4,41.97,13.59,40.72,0.65,0
55.25,54.16,54.34,53.8,13.85,45.67,0.91,0
61.72,62.87,60.67,60.06,11.08,55.05,1.06,0
64.11,62.87,63.48,62.84,12.08,37.71,0.63,0
39.94,40.01,40.58,40.18,13.94,38.58,0.64,0
29.42,29.38,31.17,30.86,13.9,32.98,1.75,0
71.73,72.08,72.38,71.66,14.09,25.2,0.65,0
27.39,26.88,25.53,25.27,14.46,50.19,1.86,0
64.8,65.98,63.45,62.81,11.62,28.35,1.35,0
68.83,69.96,67.21,66.53,12.13,20.82,1.63,0
71.58,71.98,71.31,70.6,12.26,50.52,0.27,0
51.06,50.45,49.64,49.14,12.37,37.89,1.42,0
20.47,20.09,19.59,19.39,12.9,20.24,0.89,0
24.84,25.18,24.89,24.64,11.98,45.94,0.05,0
33.13,33.3,32.42,32.1,12.09,37.97,0.7,0
45.69,45.37,82.76,81.94,13.3,168.22,37.07,1
59.51,58.89,59.41,58.82,11.51,47.74,0.09,0
36.09,36.31,37.28,36.9,13.45,43.98,1.18,0
21.42,21.43,22.96,22.73,11.28,22.28,1.54,0
56.19,57.24,57.62,57.04,13.25,26.7,1.43,0
40.58,40.6,40.63,40.22,13.67,52.59,0.05,0
40.56,41.09,68.17,67.48,12.23,44.53,27.6,1
21.15,20.83,23.05,22.82,13.69,53.41,1.9,0
75.26,76.64,76.57,75.81,13.19,40.43,1.31,0
28.81,28.93,28.63,28.34,11.04,31.76,0.18,0
22.76,22.8,24.05,23.81,12.79,27.81,1.29,0
65.27,65.84,64.69,64.04,12.47,45.47,0.58,0
56.73,56.67,58.41,57.82,14.04,29.93,1.68,0
33.41,34.01,33.42,33.09,12.02,56.7,0.01,0
66.06,66.58,65.71,65.05,11.84,40.46,0.35,0
41.65,41.35,42.07,41.65,14.46,26.18,0.42,0
72.16,71.82,72.23,71.5,12.7,55.0,0.07,0
45.28,45.14,46.95,46.48,13.43,54.46,1.67,0
79.86,81.26,81.7,80.88,11.14,35.45,1.84,0
36.87,36.49,35.79,35.43,13.21,46.65,1.07,0
33.31,32.71,33.83,33.49,11.88,35.84,0.52,0
51.8,52.05,51.78,51.26,13.61,48.89,0.02,0
27.84,27.91,27.44,27.17,11.39,45.01,0.39,0
60.18,60.24,59.17,58.58,12.7,22.58,1.01,0
68.32,69.63,67.81,67.13,13.08,55.94,0.51,0
21.01,20.84,20.77,20.57,11.41,55.78,0.24,0
20.51,20.11,19.61,19.42,14.02,48.94,0.89,0
53.77,52.98,53.98,53.44,11.11,47.69,0.21,0
48.88,48.84,49.54,49.04,14.45,54.13,0.66,0
21.81,21.73,20.02,19.82,13.64,57.26,1.79,0
27.95,27.88,26.03,25.77,13.25,20.15,1.91,0
48.68,48.94,48.58,48.1,13.97,40.32,0.09,0
28.5,28.13,30.06,29.76,11.12,35.2,1.56,0
44.74,44.19,46.38,45.92,11.84,41.62,1.64,0
60.71,60.58,59.03,58.44,13.9,52.43,1.68,0
35.21,34.71,36.15,35.79,12.44,56.26,0.94,0
56.92,55.92,110.03,108.93,11.67,175.01,53.11,1
38.33,37.57,38.84,38.46,12.3,46.81,0.52,0
61.59,62.32,60.85,60.24,12.68,57.9,0.75,0
51.25,51.09,49.81,49.31,12.32,41.04,1.44,0
48.21,47.52,48.32,47.84,13.81,51.52,0.11,0
31.17,30.67,31.42,31.11,13.53,32.01,0.25,0
60.24,61.38,60.21,59.61,11.15,56.17,0.02,0
74.95,74.87,75.52,74.77,12.57,47.0,0.58,0
42.74,43.47,41.08,40.67,12.03,37.61,1.65,0
23.29,23.04,24.08,23.84,13.18,38.5,0.79,0
49.89,49.4,49.69,49.19,11.72,49.28,0.2,0
62.51,62.76,61.37,60.75,13.59,59.02,1.15,0
69.76,68.59,70.48,69.77,14.23,30.98,0.72,0
44.79,44.43,43.71,43.27,12.26,25.53,1.08,0
38.28,37.56,38.69,38.3,14.24,33.43,0.4,0
35.13,34.95,33.57,33.24,13.51,25.25,1.56,0
77.82,76.73,77.17,76.39,14.5,49.38,0.66,0
70.41,69.63,71.52,70.81,11.29,34.73,1.12,0
28.64,28.52,27.48,27.21,13.12,34.99,1.16,0
36.59,37.12,38.08,37.7,14.44,53.81,1.5,0
66.78,66.25,68.35,67.66,12.05,32.93,1.56,0
76.25,77.38,77.44,76.67,11.1,50.77,1.19,0
56.53,56.18,56.76,56.2,11.03,38.98,0.23,0
40.05,39.29,38.72,38.33,12.43,33.76,1.33,0
51.83,52.59,52.38,51.86,12.96,53.13,0.55,0
71.23,72.31,70.57,69.86,13.94,23.48,0.67,0
26.12,25.91,25.41,25.16,12.19,35.46,0.71,0
59.35,59.86,57.99,57.41,11.41,57.58,1.36,0
66.5,67.25,67.91,67.23,13.95,36.78,1.41,0
34.9,35.5,36.66,36.29,12.66,33.69,1.76,0
56.13,56.49,55.51,54.95,14.29,29.65,0.62,0
72.91,73.84,73.18,72.45,11.22,45.35,0.27,0
20.74,20.66,19.14,18.95,11.36,28.95,1.6,0
44.03,43.36,43.77,43.33,11.76,55.85,0.26,0
35.26,35.46,36.37,36.01,12.23,49.17,1.11,0
23.3,23.19,24.2,23.96,12.75,46.19,0.9,0
58.78,58.7,58.11,57.53,14.22,58.91,0.67,0
64.94,64.3,64.79,64.14,12.74,52.77,0.16,0
21.98,22.04,20.93,20.72,13.41,55.7,1.05,0
77.4,76.27,79.34,78.55,14.39,31.05,1.94,0
37.13,36.4,37.4,37.02,13.04,46.41,0.27,0
48.48,48.81,83.57,82.73,14.28,200.77,35.09,1
78.38,77.11,123.51,122.28,11.07,140.67,45.13,1
38.36,38.72,39.34,38.95,11.85,24.44,0.99,0
28.72,28.48,27.78,27.5,13.57,33.68,0.93,0
25.53,25.49,25.24,24.99,13.48,40.18,0.29,0
32.06,32.54,34.02,33.68,12.2,38.81,1.96,0
34.63,34.95,35.11,34.76,13.45,47.38,0.48,0
63.63,64.84,63.65,63.02,12.99,49.74,0.03,0
30.38,30.92,30.4,30.09,14.19,23.1,0.02,0
40.12,39.66,39.57,39.18,14.39,34.92,0.55,0
71.07,70.35,73.05,72.31,14.04,48.33,1.97,0
44.74,44.17,44.54,44.1,11.05,45.99,0.2,0
29.56,29.13,30.01,29.71,13.81,47.62,0.45,0
22.95,23.35,23.92,23.68,14.09,22.85,0.97,0
51.31,50.41,52.85,52.32,12.7,21.2,1.54,0
74.11,74.41,76.05,75.29,13.17,49.88,1.94,0
61.91,61.66,62.75,62.12,12.97,26.08,0.84,0
47.67,48.53,48.11,47.63,11.54,44.76,0.44,0
72.84,72.52,72.43,71.71,14.04,30.19,0.41,0
66.73,67.0,68.07,67.39,13.55,24.44,1.34,0
31.35,31.56,97.3,96.33,13.94,85.08,65.95,1
37.62,37.55,37.03,36.66,11.66,27.5,0.59,0
69.95,69.72,70.66,69.95,12.7,47.79,0.7,0
68.11,69.08,67.79,67.11,11.47,54.86,0.32,0
37.93,37.57,37.5,37.12,11.35,48.66,0.43,0
63.09,62.13,62.01,61.39,11.2,52.24,1.07,0
20.41,20.21,18.98,18.79,11.47,36.03,1.43,0
62.68,63.35,64.51,63.87,13.72,30.28,1.83,0
53.21,52.84,52.32,51.8,13.21,56.97,0.89,0
45.25,45.02,46.99,46.52,14.29,31.82,1.74,0
69.95,68.87,70.7,70.0,12.64,25.46,0.75,0
77.39,78.27,78.05,77.27,12.26,55.71,0.66,0
42.37,41.73,40.67,40.26,11.08,45.05,1.7,0
25.61,25.66,24.95,24.7,12.86,43.57,0.66,0
72.97,72.63,74.09,73.35,13.65,39.98,1.12,0
35.11,35.36,36.87,36.5,13.33,32.09,1.76,0
47.38,47.97,45.68,45.23,11.18,52.13,1.7,0
41.0,41.72,42.24,41.82,12.88,32.94,1.24,0
73.53,74.12,73.85,73.11,11.03,22.74,0.33,0
59.38,60.39,60.9,60.29,12.62,25.62,1.52,0
31.9,31.49,30.37,30.07,14.2,34.05,1.53,0
46.29,45.72,44.7,44.26,11.81,58.6,1.58,0
60.76,61.3,59.81,59.21,13.15,54.52,0.96,0
33.46,33.33,33.51,33.17,14.13,46.48,0.05,0
62.01,61.29,62.1,61.48,11.6,36.25,0.09,0
64.95,64.67,66.95,66.28,12.84,23.54,2.0,0
26.41,25.89,27.89,27.61,11.97,45.21,1.47,0
35.23,35.57,37.06,36.69,13.21,47.94,1.83,0
53.07,53.19,53.09,52.56,11.69,42.34,0.03,0
57.57,57.46,55.74,55.18,14.01,35.53,1.83,0
48.64,48.7,48.23,47.75,12.17,56.49,0.41,0
31.93,32.37,31.01,30.7,11.54,44.3,0.92,0
57.71,56.8,57.45,56.88,12.86,38.26,0.26,0
21.07,21.14,20.63,20.42,11.11,23.28,0.44,0
65.69,65.83,64.21,63.57,14.13,32.02,1.48,0
23.03,23.13,23.39,23.16,11.3,58.67,0.37,0
61.76,61.56,60.48,59.88,13.26,55.98,1.28,0
39.45,38.85,40.91,40.5,12.43,49.97,1.46,0
39.08,39.41,37.3,36.93,11.98,26.23,1.77,0
35.29,34.6,35.9,35.55,11.63,35.04,0.62,0
76.15,76.22,75.75,74.99,11.9,43.54,0.4,0
28.3,28.64,27.63,27.35,12.44,21.22,0.67,0
38.19,38.52,38.42,38.04,13.42,59.1,0.23,0
65.99,64.99,66.38,65.72,13.23,26.76,0.39,0
29.4,29.93,28.58,28.29,13.5,37.42,0.82,0
31.21,31.75,32.57,32.24,11.78,22.65,1.36,0
33.78,34.41,31.93,31.61,12.47,26.46,1.85,0
45.63,46.02,44.51,44.06,13.51,45.44,1.13,0
48.63,49.19,49.47,48.98,12.27,34.89,0.84,0
34.68,35.06,36.06,35.7,12.0,54.57,1.38,0
41.13,41.91,41.54,41.12,13.86,38.82,0.41,0
43.29,43.63,44.3,43.86,11.09,52.01,1.01,0
42.84,42.44,44.42,43.98,11.18,51.91,1.58,0
43.8,43.13,45.04,44.59,14.05,23.99,1.24,0
75.74,75.64,76.66,75.89,14.0,50.03,0.92,0
25.19,25.2,24.95,24.7,12.21,26.75,0.23,0
76.6,77.78,77.73,76.96,14.36,31.14,1.14,0
76.47,77.66,76.74,75.98,13.87,54.6,0.27,0
35.71,35.11,37.01,36.64,11.87,23.18,1.3,0
33.86,34.24,31.97,31.65,13.63,42.36,1.89,0
24.08,23.96,95.07,94.12,14.2,88.23,70.99,1
70.94,69.77,70.47,69.77,14.27,54.37,0.47,0
37.68,37.74,36.36,36.0,12.17,43.8,1.32,0
61.48,60.49,62.49,61.87,11.16,41.34,1.01,0
23.01,23.38,22.63,22.4,14.24,23.92,0.38,0
29.35,29.09,30.84,30.53,14.39,45.45,1.49,0
49.18,48.82,50.54,50.04,11.7,55.94,1.36,0
63.26,64.18,62.52,61.9,12.5,30.69,0.74,0
30.88,30.61,32.04,31.72,13.4,22.28,1.16,0
30.58,30.92,32.12,31.8,12.3,21.46,1.53,0
63.52,64.37,65.11,64.46,11.14,31.59,1.59,0
36.22,36.17,36.89,36.52,14.19,46.8,0.67,0
24.1,24.27,24.9,24.65,11.47,25.39,0.8,0
40.52,40.48,39.1,38.71,11.88,31.22,1.42,0
71.87,70.72,72.04,71.32,12.68,29.35,0.17,0
49.16,49.42,47.49,47.01,12.0,54.69,1.67,0
25.6,25.65,27.49,27.21,13.13,36.03,1.88,0
64.66,63.55,66.63,65.96,11.5,45.09,1.96,0
27.32,27.53,27.96,27.68,11.63,26.67,0.64,0
39.85,39.71,39.91,39.51,13.59,45.91,0.06,0
48.4,48.87,48.07,47.59,11.97,45.4,0.32,0
20.66,20.7,21.61,21.39,11.95,24.98,0.94,0
72.24,71.15,71.46,70.75,13.04,43.05,0.78,0
78.43,79.57,76.64,75.87,13.33,59.64,1.79,0
22.66,22.98,23.59,23.35,13.51,58.24,0.92,0
25.83,26.08,24.92,24.67,14.32,46.06,0.91,0
77.99,77.64,78.87,78.08,13.4,29.69,0.88,0
44.78,44.51,45.96,45.5,12.15,32.79,1.18,0
27.47,27.17,27.76,27.48,13.27,38.87,0.29,0
28.0,28.1,26.83,26.56,14.47,28.47,1.16,0
56.44,56.88,54.5,53.95,14.0,52.87,1.95,0
35.92,35.49,35.86,35.5,12.51,54.93,0.06,0
42.84,43.64,41.59,41.17,13.5,21.84,1.26,0
74.7,73.36,73.56,72.82,12.64,45.32,1.14,0
34.73,35.13,34.53,34.18,14.06,57.7,0.2,0
33.74,33.41,32.75,32.42,13.08,38.51,0.99,0
63.24,62.23,62.59,61.97,13.78,57.28,0.65,0
78.89,78.89,78.44,77.66,13.59,33.22,0.44,0
41.36,41.2,42.95,42.52,13.01,25.04,1.59,0
70.26,69.91,106.22,105.16,11.72,159.5,35.96,1
50.39,49.45,52.23,51.7,11.92,39.71,1.84,0
79.58,79.64,80.1,79.29,14.21,56.0,0.52,0
63.45,63.42,64.3,63.66,14.17,41.49,0.85,0
63.12,61.95,63.41,62.78,12.73,59.34,0.29,0
62.47,62.68,62.34,61.71,14.12,59.02,0.13,0
77.42,77.1,75.44,74.69,13.9,23.36,1.98,0
35.84,36.44,35.09,34.74,11.44,34.3,0.74,0
63.23,62.79,64.9,64.25,14.37,35.38,1.67,0
20.64,20.6,21.59,21.37,13.35,43.13,0.94,0
21.07,21.45,19.53,19.34,13.39,56.19,1.54,0
74.58,73.1,73.06,72.33,13.18,53.55,1.53,0
50.66,50.96,52.09,51.57,12.82,43.11,1.44,0
61.23,61.31,60.63,60.02,11.78,31.24,0.6,0
34.12,34.21,34.19,33.84,11.92,56.12,0.07,0
40.85,41.43,40.9,40.49,14.08,27.61,0.05,0
53.55,53.25,51.75,51.23,11.59,33.34,1.8,0
41.28,40.77,43.2,42.77,13.48,35.06,1.92,0
75.08,74.83,73.5,72.76,12.74,45.37,1.59,0
37.91,38.0,38.02,37.64,12.57,32.55,0.11,0
24.23,24.59,25.99,25.73,14.01,41.26,1.76,0
45.38,45.79,45.53,45.08,14.44,59.04,0.15,0
35.15,35.28,34.83,34.48,11.95,33.0,0.32,0
30.85,31.32,28.98,28.69,11.91,31.38,1.88,0
73.8,73.58,73.72,72.99,11.84,30.09,0.08,0
26.37,25.95,27.65,27.37,12.67,42.17,1.28,0
56.22,56.31,56.55,55.98,11.39,25.97,0.33,0
51.84,51.84,49.95,49.45,13.06,51.98,1.89,0
34.63,34.77,34.69,34.34,14.04,44.15,0.06,0
54.05,54.42,53.98,53.44,14.17,50.35,0.07,0
35.45,35.07,37.44,37.07,13.31,56.84,1.99,0
40.02,39.87,40.27,39.87,13.58,24.62,0.25,0
31.04,30.47,29.12,28.83,13.67,55.55,1.92,0
72.66,71.88,73.34,72.61,12.71,37.45,0.68,0
62.43,62.02,64.04,63.4,11.43,56.92,1.62,0
79.7,78.55,80.97,80.16,13.71,43.09,1.27,0
68.13,67.87,69.04,68.35,11.68,21.55,0.92,0
60.81,59.86,61.61,60.99,14.34,27.33,0.8,0
77.91,76.38,77.74,76.96,11.67,45.41,0.17,0
28.07,28.27,27.65,27.38,14.1,24.15,0.41,0
58.92,59.55,57.62,57.04,12.96,35.21,1.3,0
34.37,34.01,35.02,34.67,13.45,30.43,0.65,0
21.32,21.24,19.33,19.14,13.56,53.49,1.99,0
36.8,36.38,38.07,37.69,14.15,24.8,1.26,0
70.5,70.18,71.71,70.99,11.51,48.93,1.21,0
72.74,73.77,71.2,70.49,12.55,33.98,1.54,0
64.41,63.39,64.27,63.63,11.15,25.12,0.15,0
56.61,56.65,55.95,55.39,12.6,45.43,0.66,0
55.12,54.05,55.74,55.18,12.8,34.11,0.62,0
33.81,33.26,32.65,32.32,12.95,24.31,1.16,0
57.85,56.85,58.71,58.12,14.26,35.24,0.85,0
50.74,51.24,51.01,50.5,14.03,37.02,0.27,0
36.55,36.05,36.53,36.17,11.22,47.53,0.02,0
61.79,61.0,61.1,60.49,14.43,49.28,0.69,0
57.83,58.73,57.78,57.2,12.2,24.08,0.04,0
78.93,78.34,80.23,79.43,11.14,20.46,1.3,0
21.7,21.75,23.53,23.29,13.09,26.3,1.83,0
21.13,21.16,22.61,22.39,13.02,21.12,1.48,0
76.09,75.1,74.83,74.08,13.31,49.02,1.26,0
74.43,74.27,72.8,72.08,12.66,20.79,1.62,0
55.26,54.45,54.15,53.61,12.6,47.02,1.11,0
36.89,36.94,35.28,34.93,12.84,31.24,1.61,0
78.85,78.78,80.6,79.79,12.45,55.93,1.74,0
55.29,54.94,53.68,53.15,14.17,51.24,1.61,0
51.67,51.2,53.64,53.1,12.62,49.8,1.97,0
69.38,68.86,68.07,67.39,13.21,35.04,1.32,0
37.44,37.88,38.94,38.55,13.76,54.04,1.5,0
48.5,48.22,47.17,46.7,11.1,36.83,1.33,0
50.68,50.91,49.15,48.66,11.83,27.26,1.53,0
24.29,24.63,23.93,23.69,14.0,49.59,0.36,0
30.23,30.39,30.79,30.49,13.45,41.22,0.57,0
21.61,21.92,23.31,23.08,11.57,43.76,1.7,0
61.15,61.83,60.73,60.13,11.87,38.79,0.42,0
43.32,42.94,41.9,41.48,11.76,20.06,1.42,0
56.55,56.12,55.54,54.98,14.26,23.74,1.01,0
66.49,66.08,65.33,64.68,11.52,27.19,1.15,0
28.5,29.06,29.66,29.37,12.35,33.7,1.16,0
22.42,22.75,23.57,23.33,11.82,57.46,1.15,0
33.83,34.14,33.94,33.6,12.34,52.66,0.11,0
56.36,56.03,58.18,57.59,11.1,25.1,1.82,0
77.63,77.54,77.9,77.12,11.57,28.25,0.27,0
55.08,55.75,55.41,54.86,14.41,38.04,0.34,0
70.83,72.07,72.68,71.96,14.22,59.74,1.85,0
57.49,58.45,56.11,55.55,11.59,27.58,1.38,0
45.88,46.66,45.42,44.96,12.83,28.45,0.46,0
52.54,53.2,54.07,53.53,11.65,27.21,1.52,0
35.7,36.22,34.46,34.12,14.37,59.9,1.24,0
32.95,33.11,34.86,34.51,11.93,26.93,1.9,0
52.35,53.23,54.1,53.56,14.41,58.67,1.75,0
45.38,45.38,45.06,44.61,12.27,52.19,0.32,0
51.47,51.55,49.84,49.34,14.47,25.29,1.63,0
46.74,46.85,47.03,46.56,11.43,31.36,0.29,0
61.7,60.58,60.03,59.43,12.73,52.17,1.67,0
23.65,24.03,22.41,22.19,11.69,24.97,1.23,0
52.74,53.37,53.0,52.47,13.11,59.21,0.26,0
38.81,39.57,39.2,38.8,12.61,41.2,0.39,0
46.4,46.29,46.33,45.87,12.6,51.47,0.07,0
48.08,48.57,46.84,46.37,12.54,48.16,1.25,0
38.33,38.85,38.04,37.66,14.17,58.57,0.29,0
36.6,36.59,35.78,35.42,14.49,59.73,0.82,0
32.7,32.16,31.21,30.9,12.24,44.97,1.5,0
62.96,62.36,62.81,62.18,13.75,22.97,0.15,0
29.58,29.22,28.61,28.32,13.38,53.05,0.97,0
59.03,58.66,59.27,58.67,11.33,54.69,0.24,0
77.85,77.48,75.99,75.23,11.1,50.92,1.86,0
27.05,27.4,27.45,27.17,13.54,48.71,0.4,0
48.37,47.5,48.98,48.49,11.05,31.76,0.61,0
41.19,41.37,40.55,40.15,11.7,40.83,0.63,0
60.49,60.77,59.49,58.89,12.07,37.72,1.0,0
36.53,36.98,37.68,37.31,13.22,23.62,1.15,0
44.27,44.24,42.77,42.34,13.26,46.63,1.5,0
63.95,63.92,62.41,61.79,13.97,27.21,1.54,0
47.14,46.24,45.89,45.43,12.25,46.21,1.25,0
52.13,52.83,50.59,50.08,11.08,48.47,1.54,0
50.89,51.7,51.02,50.51,11.55,43.69,0.13,0
61.08,61.34,62.59,61.97,11.23,46.01,1.51,0
66.26,67.22,66.44,65.78,11.35,43.22,0.19,0
22.07,22.38,21.53,21.32,12.74,59.46,0.54,0
67.01,68.2,66.92,66.25,14.01,34.0,0.1,0
75.79,76.28,74.65,73.9,12.65,55.54,1.15,0
44.56,43.79,45.25,44.8,11.97,49.32,0.69,0
23.88,23.56,23.07,22.84,13.27,26.09,0.82,0
47.11,46.29,47.89,47.41,13.54,39.63,0.78,0
31.91,31.38,30.79,30.48,12.41,46.22,1.13,0
35.62,34.93,35.56,35.2,13.25,45.92,0.06,0
20.47,20.08,19.73,19.54,12.32,37.57,0.74,0
70.12,70.71,70.44,69.73,12.7,59.27,0.32,0
32.74,33.35,34.47,34.13,13.15,59.41,1.73,0
68.07,67.94,67.76,67.08,13.79,47.57,0.31,0
37.01,36.78,38.6,38.22,14.32,26.3,1.59,0
52.51,52.12,51.56,51.05,13.56,25.49,0.95,0
23.11,22.79,66.93,66.26,14.5,85.87,43.82,1
44.69,45.55,44.33,43.89,12.0,28.31,0.36,0
73.48,74.44,74.41,73.67,13.87,54.68,0.94,0
35.3,34.87,37.2,36.83,13.36,53.08,1.9,0
64.69,65.94,65.25,64.6,12.71,42.79,0.57,0
35.85,35.46,37.41,37.03,11.44,48.45,1.55,0
42.72,43.3,41.71,41.3,13.7,28.31,1.01,0
46.79,46.09,47.2,46.73,11.96,38.07,0.41,0
59.62,58.95,60.2,59.6,11.96,28.25,0.58,0
76.57,75.65,78.33,77.55,12.3,39.71,1.76,0
57.27,57.09,59.05,58.46,14.39,47.05,1.78,0
67.42,66.71,102.63,101.6,12.15,144.91,35.21,1
38.54,38.28,37.66,37.29,13.7,43.51,0.88,0
56.39,57.36,90.01,89.11,17.98,209.01,33.62,1
56.39,57.26,58.04,57.46,11.76,33.16,1.65,0
60.36,60.14,59.14,58.55,12.57,48.57,1.22,0
78.61,79.61,80.36,79.56,14.08,24.23,1.76,0
33.15,32.58,34.93,34.59,13.28,51.07,1.78,0
31.8,31.83,30.39,30.09,14.23,56.35,1.41,0
50.76,50.89,50.65,50.14,14.49,33.76,0.11,0
53.99,53.38,53.33,52.8,12.82,29.06,0.66,0
60.97,62.04,59.83,59.23,12.68,28.95,1.14,0
58.98,59.03,58.61,58.03,11.29,39.98,0.37,0
79.99,78.69,142.44,141.01,13.47,147.44,62.44,1
38.97,38.56,39.64,39.24,12.81,33.09,0.67,0
57.4,57.21,57.69,57.11,14.02,21.9,0.29,0
55.69,56.16,57.02,56.45,12.97,22.88,1.32,0
45.17,46.07,46.09,45.63,13.1,24.69,0.92,0
38.85,38.17,38.62,38.23,13.01,40.77,0.23,0
73.8,75.15,72.06,71.33,14.04,21.6,1.75,0
72.16,71.71,71.34,70.63,11.34,52.01,0.82,0
41.62,40.82,40.69,40.28,14.22,50.73,0.94,0
21.83,21.82,23.25,23.02,11.44,58.54,1.42,0
59.63,59.98,59.72,59.13,14.11,29.39,0.09,0
45.69,45.04,43.79,43.36,14.44,35.74,1.9,0
62.07,61.27,60.58,59.98,14.48,20.83,1.49,0
70.29,70.25,70.52,69.81,11.36,46.42,0.23,0
47.0,47.16,45.97,45.51,12.95,31.43,1.03,0
26.57,26.72,24.58,24.34,12.12,57.84,1.99,0
37.25,37.52,35.28,34.92,12.62,30.65,1.98,0
78.09,78.87,78.49,77.71,11.29,44.56,0.4,0
76.84,76.23,78.01,77.23,11.44,28.11,1.18,0
32.63,32.05,34.23,33.89,13.55,48.56,1.6,0
79.25,79.57,79.06,78.27,14.05,49.27,0.18,0
37.12,37.02,37.97,37.59,11.59,20.72,0.85,0
20.91,21.18,19.7,19.5,12.09,37.88,1.22,0
65.97,66.12,99.89,98.89,14.42,219.79,33.92,1
47.92,48.54,49.41,48.92,13.57,26.71,1.49,0
60.7,60.92,59.76,59.16,12.57,52.33,0.94,0
64.93,65.07,65.31,64.66,14.19,55.59,0.38,0
67.49,67.36,65.56,64.9,13.09,58.01,1.94,0
57.55,56.93,59.15,58.56,13.9,40.55,1.6,0
58.76,57.67,60.34,59.73,12.5,52.17,1.57,0
30.0,30.1,31.23,30.92,13.49,49.37,1.23,0
37.2,37.91,36.61,36.24,11.13,31.21,0.59,0
34.56,34.69,33.44,33.1,11.58,39.59,1.13,0
51.71,51.34,52.92,52.39,12.64,43.29,1.21,0
37.31,37.05,38.7,38.31,11.36,59.92,1.39,0
73.25,73.21,74.61,73.86,13.03,27.68,1.36,0
43.29,42.51,44.45,44.01,13.04,55.0,1.17,0
75.67,74.17,77.57,76.8,14.21,24.76,1.9,0
49.79,50.52,50.55,50.04,13.48,54.56,0.76,0
74.51,75.22,76.37,75.61,12.16,24.57,1.86,0
41.41,40.6,39.72,39.32,13.97,46.57,1.69,0
78.61,77.68,76.99,76.22,12.6,57.87,1.62,0
22.66,22.5,21.31,21.1,12.3,24.37,1.34,0
31.58,31.97,31.37,31.06,13.14,54.58,0.21,0
41.83,41.1,41.15,40.73,11.9,56.2,0.68,0
53.93,54.91,55.84,55.28,11.88,21.47,1.91,0
61.42,61.56,61.62,61.0,11.52,53.23,0.2,0
40.99,40.91,41.02,40.61,11.49,45.68,0.03,0
41.51,41.77,43.23,42.8,11.31,38.17,1.72,0
60.45,59.47,59.39,58.8,12.41,57.38,1.06,0
71.76,71.13,69.89,69.19,13.73,42.87,1.87,0
70.4,71.1,70.36,69.66,13.11,51.45,0.04,0
65.07,66.23,64.62,63.97,11.91,51.18,0.45,0
25.06,25.54,23.65,23.41,13.77,42.64,1.42,0
49.83,50.14,48.04,47.56,12.28,42.85,1.79,0
46.22,45.69,47.05,46.57,12.46,23.76,0.82,0
22.3,22.16,23.15,22.92,13.66,45.88,0.85,0
60.82,60.96,60.62,60.01,11.62,43.3,0.2,0
35.4,35.76,35.57,35.22,12.71,58.0,0.18,0
32.49,32.32,65.44,64.79,12.87,151.48,32.96,1
65.31,64.2,64.6,63.96,11.52,59.85,0.71,0
67.22,66.53,68.99,68.3,11.31,23.99,1.77,0
38.86,38.88,40.79,40.38,13.98,23.4,1.93,0
64.23,65.03,64.4,63.76,11.47,47.71,0.17,0
70.57,69.69,72.01,71.29,13.87,41.28,1.45,0
44.66,44.72,43.66,43.23,14.04,57.22,0.99,0
60.11,59.27,58.81,58.22,14.48,44.68,1.31,0
63.86,64.9,63.5,62.87,11.78,56.18,0.36,0
43.78,43.87,44.98,44.53,11.29,35.68,1.19,0
58.06,57.32,56.35,55.79,13.08,43.12,1.71,0
54.31,54.84,52.77,52.24,14.29,41.69,1.54,0
61.04,62.26,60.15,59.55,12.33,53.71,0.89,0
75.85,76.78,74.51,73.76,14.35,44.45,1.35,0
73.65,73.41,72.4,71.68,12.24,28.81,1.25,0
66.72,67.98,66.21,65.55,12.2,55.66,0.51,0
41.96,41.21,40.26,39.86,11.14,21.14,1.7,0
25.25,25.12,26.97,26.7,14.3,47.05,1.72,0
32.03,32.22,31.0,30.69,13.08,27.58,1.03,0
51.16,51.62,51.19,50.68,14.46,36.96,0.03,0
55.18,54.67,53.28,52.75,13.77,44.63,1.9,0
37.07,37.18,35.62,35.26,11.48,42.16,1.45,0
35.38,35.59,34.95,34.6,14.39,34.6,0.44,0
36.37,36.09,36.16,35.8,13.87,23.88,0.21,0
63.44,63.18,63.84,63.21,14.47,43.84,0.4,0
62.48,62.86,64.33,63.69,13.64,24.75,1.85,0
26.93,26.99,28.37,28.09,12.71,56.69,1.44,0
22.16,22.36,23.05,22.82,12.49,32.61,0.89,0
78.53,80.02,143.25,141.82,13.26,121.98,64.72,1
79.75,78.98,80.21,79.41,13.43,58.49,0.46,0
41.2,41.34,39.82,39.42,11.77,35.58,1.38,0
42.26,43.09,43.15,42.72,12.81,37.54,0.89,0
32.31,32.08,30.56,30.26,13.08,45.8,1.75,0
60.91,60.63,59.62,59.02,13.73,28.28,1.29,0
54.15,54.21,54.1,53.56,11.88,31.41,0.04,0
51.68,51.63,50.04,49.54,13.28,50.84,1.64,0
74.83,74.24,75.28,74.53,12.34,57.64,0.45,0
26.93,26.91,25.34,25.08,11.26,30.3,1.6,0
47.23,47.01,49.13,48.64,13.44,49.66,1.9,0
34.16,33.72,34.79,34.45,12.6,35.93,0.63,0
55.09,54.48,56.42,55.86,13.86,30.17,1.34,0
48.55,49.22,46.59,46.12,13.18,20.99,1.96,0
35.52,35.19,36.02,35.66,12.48,42.07,0.5,0
50.81,51.29,52.7,52.17,13.3,44.88,1.89,0
63.77,63.39,62.34,61.72,13.56,50.08,1.42,0
28.34,28.41,26.94,26.67,13.65,25.06,1.39,0
63.2,64.23,62.25,61.63,14.44,47.39,0.96,0
53.34,54.34,54.63,54.09,12.93,32.6,1.29,0
58.24,57.67,57.66,57.08,11.76,22.39,0.58,0
65.28,66.01,65.95,65.29,14.09,24.43,0.67,0
35.9,35.91,35.38,35.03,14.12,51.94,0.52,0
39.48,39.35,38.37,37.99,11.87,39.27,1.1,0
29.42,29.87,27.76,27.49,13.19,43.79,1.66,0
49.1,49.71,48.96,48.47,13.0,57.9,0.14,0
38.68,38.9,40.42,40.02,13.66,48.9,1.74,0
40.4,40.65,40.67,40.27,12.2,38.56,0.27,0
51.3,50.56,52.9,52.37,12.2,26.99,1.6,0
36.19,35.99,103.44,102.41,11.22,111.09,67.26,1
53.37,54.29,52.31,51.78,11.85,37.23,1.06,0
38.83,39.47,38.44,38.06,12.73,38.72,0.39,0
70.49,69.77,71.32,70.61,12.85,57.68,0.83,0
32.55,32.12,32.92,32.59,13.54,53.04,0.37,0
65.73,65.74,64.66,64.02,11.08,55.13,1.07,0
53.06,52.84,52.55,52.02,13.52,49.52,0.51,0
50.09,49.65,51.36,50.85,14.1,42.84,1.27,0
31.35,31.72,32.61,32.28,12.36,29.97,1.26,0
44.8,44.26,45.93,45.47,11.81,39.58,1.13,0
22.51,22.29,24.5,24.25,14.09,34.14,1.98,0
58.25,58.95,60.01,59.41,13.31,45.8,1.76,0
61.68,61.99,61.91,61.29,12.22,55.21,0.23,0
37.72,38.05,38.03,37.65,12.91,46.66,0.32,0
37.23,36.99,38.15,37.77,11.6,46.07,0.92,0
53.42,52.49,53.16,52.63,12.12,37.17,0.26,0
34.83,34.51,35.85,35.49,14.47,36.02,1.02,0
74.47,75.87,75.85,75.09,12.49,43.01,1.37,0
35.0,34.6,33.28,32.95,13.63,36.85,1.72,0
71.64,72.38,71.75,71.03,11.94,30.63,0.11,0
38.53,38.36,40.1,39.7,11.16,53.45,1.57,0
59.13,59.37,61.07,60.46,13.15,31.28,1.95,0
74.85,73.95,75.84,75.08,11.81,30.56,1.0,0
58.94,58.53,58.23,57.65,12.91,59.24,0.71,0
73.61,72.83,74.3,73.56,14.26,46.78,0.7,0
79.99,79.31,79.61,78.82,14.12,47.51,0.37,0
56.73,57.21,56.31,55.74,12.77,59.15,0.43,0
41.35,41.34,42.43,42.01,11.92,50.47,1.08,0
48.88,48.41,48.45,47.96,13.67,58.59,0.43,0
57.88,56.9,56.83,56.26,11.81,55.48,1.05,0
35.22,35.54,36.56,36.19,11.85,50.56,1.34,0
73.0,72.25,74.05,73.31,12.0,41.35,1.06,0
58.57,57.95,58.43,57.84,12.69,26.75,0.14,0
40.76,40.84,39.22,38.83,12.95,36.52,1.54,0
51.61,51.8,52.07,51.55,14.23,56.04,0.46,0
51.08,51.3,50.98,50.47,12.35,46.13,0.11,0
49.18,49.03,47.26,46.78,13.5,34.15,1.92,0
27.23,27.72,25.62,25.36,12.52,32.55,1.61,0
41.13,41.69,41.1,40.69,11.21,59.19,0.03,0
55.59,56.12,55.0,54.45,12.07,46.45,0.59,0
24.45,24.56,78.06,77.28,14.99,110.91,53.61,1
26.82,27.35,24.98,24.73,11.45,55.01,1.84,0
59.21,60.25,58.61,58.03,14.13,48.22,0.6,0
55.3,54.73,53.34,52.81,11.77,51.3,1.96,0
27.88,28.36,26.33,26.06,14.14,28.58,1.55,0
30.83,30.23,29.57,29.27,11.21,40.48,1.26,0
39.23,39.19,39.57,39.18,13.15,55.38,0.34,0
49.44,48.46,49.58,49.09,13.5,54.51,0.15,0
65.88,65.6,66.14,65.48,13.14,43.94,0.26,0
39.7,39.75,39.1,38.71,11.75,54.95,0.6,0
20.78,20.66,22.67,22.45,12.11,57.12,1.89,0
64.53,64.77,66.47,65.81,14.37,44.92,1.94,0
28.54,28.09,28.16,27.88,11.06,21.82,0.38,0
75.45,74.99,75.2,74.45,11.09,48.47,0.24,0
39.12,39.34,40.56,40.16,12.79,59.79,1.45,0
76.38,76.18,109.94,108.84,12.14,199.35,33.56,1
78.02,79.32,132.04,130.72,12.91,170.68,54.02,1
20.11,19.72,20.57,20.37,12.22,45.06,0.46,0
51.62,52.28,51.14,50.63,14.17,40.31,0.49,0
70.48,71.81,71.18,70.46,12.53,44.26,0.69,0
26.23,26.64,25.03,24.78,14.12,52.17,1.2,0
62.7,62.22,62.58,61.95,11.35,52.46,0.12,0
57.44,57.91,57.34,56.77,12.14,57.73,0.1,0
42.66,43.15,43.14,42.71,11.23,53.06,0.48,0
64.52,63.57,63.0,62.37,11.02,22.38,1.51,0
39.15,38.39,39.86,39.46,11.61,42.16,0.71,0
58.46,57.99,59.12,58.53,12.15,41.03,0.66,0
66.8,66.95,66.05,65.39,13.61,49.52,0.75,0
60.04,60.29,61.99,61.37,13.69,52.76,1.95,0
57.94,57.37,58.97,58.38,13.88,36.39,1.03,0
22.18,22.58,22.58,22.35,14.36,25.94,0.4,0
28.92,28.93,27.54,27.26,11.49,33.88,1.38,0
40.84,40.31,40.63,40.22,11.04,24.92,0.21,0
77.77,78.93,79.25,78.46,13.67,34.97,1.48,0
45.96,45.37,46.22,45.76,14.07,26.77,0.26,0
51.26,51.83,52.5,51.97,12.7,30.2,1.24,0
73.22,74.64,73.29,72.55,11.64,38.98,0.07,0
68.41,68.63,69.02,68.33,14.2,32.8,0.61,0
75.73,76.56,76.99,76.22,12.42,36.13,1.27,0
50.26,51.01,50.41,49.91,11.6,42.41,0.15,0
51.7,52.56,49.85,49.35,11.06,36.77,1.85,0
69.42,69.15,70.56,69.85,12.66,24.56,1.14,0
74.84,74.17,74.55,73.81,13.71,31.73,0.29,0
45.82,45.81,44.47,44.03,12.65,35.21,1.35,0
68.88,69.2,68.33,67.65,12.36,22.94,0.55,0
34.18,34.62,33.33,32.99,13.43,41.97,0.86,0
62.76,62.1,64.06,63.42,14.46,20.93,1.3,0
75.49,76.72,76.37,75.61,14.24,49.53,0.88,0
60.54,59.75,58.73,58.14,12.0,35.08,1.82,0
55.12,54.04,57.11,56.54,12.78,45.99,1.99,0
28.4,27.85,30.35,30.05,12.43,58.89,1.95,0
32.04,32.02,33.88,33.54,13.59,25.14,1.84,0
57.54,57.38,56.09,55.53,12.86,55.59,1.45,0
25.92,25.44,27.82,27.55,12.1,30.02,1.9,0
45.63,46.48,46.43,45.97,11.02,40.65,0.8,0
34.14,33.85,32.73,32.41,14.39,24.88,1.41,0
24.21,23.98,24.16,23.92,11.53,40.15,0.05,0
77.63,77.39,76.02,75.26,13.52,52.42,1.6,0
67.23,66.22,65.7,65.05,13.26,54.44,1.53,0
55.86,56.27,55.0,54.45,13.18,58.02,0.87,0
21.88,21.61,23.19,22.95,13.51,31.37,1.3,0
42.53,42.82,40.88,40.47,12.63,37.36,1.64,0
29.41,29.43,29.51,29.22,13.65,44.46,0.1,0
41.81,41.33,40.78,40.37,13.89,34.3,1.02,0
48.66,47.8,48.61,48.12,12.85,51.13,0.06,0
25.68,26.18,25.89,25.63,14.35,57.77,0.21,0
66.21,65.56,66.45,65.79,13.59,21.43,0.24,0
71.16,72.23,73.09,72.36,13.05,59.66,1.93,0
52.81,53.13,54.17,53.63,11.27,35.67,1.37,0
75.2,76.23,76.3,75.54,13.62,23.83,1.1,0
55.14,54.31,56.76,56.2,14.23,33.68,1.62,0
64.02,63.26,65.08,64.43,11.61,25.81,1.06,0
41.48,42.25,39.98,39.58,13.13,26.38,1.49,0
38.26,38.5,39.02,38.63,14.34,57.6,0.75,0
46.71,46.18,47.64,47.16,12.42,39.78,0.93,0
21.55,21.21,19.6,19.4,14.45,46.48,1.95,0
55.29,55.88,54.32,53.78,14.03,53.79,0.97,0
50.83,51.47,101.58,100.56,14.4,155.43,50.75,1
63.39,63.16,61.51,60.9,13.14,28.81,1.87,0
46.2,45.75,44.77,44.32,11.36,37.79,1.43,0
53.74,53.4,52.62,52.1,11.86,55.85,1.11,0
69.67,68.38,71.16,70.44,11.6,45.54,1.49,0
45.64,44.99,43.75,43.31,12.46,32.73,1.89,0
36.29,36.24,34.31,33.96,11.21,41.22,1.99,0
76.61,76.85,77.93,77.15,14.46,59.3,1.32,0
37.09,36.87,68.29,67.61,13.82,20.98,31.21,1
32.52,32.11,31.09,30.78,13.02,34.71,1.42,0
41.49,41.12,41.86,41.44,13.52,42.85,0.37,0
37.61,38.2,37.36,36.99,11.69,37.84,0.25,0
77.31,77.27,76.7,75.93,11.26,42.52,0.62,0
36.75,36.07,35.94,35.58,13.26,21.16,0.8,0
55.82,55.39,54.47,53.92,12.92,38.9,1.35,0
40.16,40.92,39.43,39.03,11.49,30.64,0.74,0
57.18,57.1,56.29,55.73,11.49,55.11,0.89,0
28.84,29.27,28.61,28.32,11.31,31.31,0.23,0
25.11,25.39,24.59,24.35,12.5,36.24,0.52,0
30.06,30.02,30.2,29.9,12.31,34.77,0.14,0
38.49,39.17,37.59,37.22,12.22,52.25,0.9,0
66.2,65.0,65.81,65.15,11.5,58.21,0.4,0
44.48,44.78,46.48,46.02,11.73,41.66,2.0,0
66.43,66.29,67.29,66.61,12.95,38.47,0.85,0
49.64,49.63,48.66,48.17,12.3,52.49,0.98,0
72.93,71.78,71.45,70.74,11.73,34.82,1.48,0
28.48,28.8,30.43,30.12,11.74,55.81,1.95,0
43.96,44.08,43.96,43.52,13.43,50.11,0.01,0
44.45,45.14,45.86,45.4,12.1,25.22,1.4,0
67.88,68.9,68.81,68.12,14.06,56.55,0.93,0
44.89,45.44,44.01,43.57,13.29,26.12,0.88,0
66.16,67.21,64.24,63.6,12.6,59.22,1.92,0
51.23,51.6,52.36,51.84,13.19,37.08,1.14,0
43.09,42.5,43.32,42.88,11.71,59.99,0.23,0
75.99,74.55,74.39,73.65,12.98,52.97,1.59,0
36.43,37.06,35.7,35.34,13.22,30.57,0.73,0
69.72,69.0,139.91,138.51,17.52,169.96,70.18,1
72.92,72.5,73.43,72.7,11.59,32.54,0.51,0
31.21,31.82,32.84,32.51,14.37,52.98,1.63,0
58.4,57.84,57.14,56.57,11.1,26.63,1.25,0
57.09,56.01,55.94,55.38,11.57,37.23,1.15,0
67.38,66.72,66.74,66.07,14.18,52.78,0.64,0
66.63,67.13,66.22,65.56,12.56,52.65,0.41,0
54.48,54.75,53.87,53.33,13.39,50.26,0.6,0
37.26,37.66,39.1,38.71,14.01,48.53,1.85,0
27.2,26.85,26.99,26.72,12.56,51.77,0.21,0
37.61,37.94,36.75,36.39,12.01,51.04,0.86,0
46.08,46.46,44.64,44.19,11.72,44.28,1.44,0
38.27,37.68,39.11,38.72,11.82,54.13,0.83,0
75.23,76.38,76.79,76.02,14.12,28.08,1.56,0
54.44,53.51,52.78,52.25,13.23,38.56,1.67,0
68.24,69.47,68.17,67.48,12.11,57.4,0.08,0
40.68,40.58,41.85,41.44,14.28,43.76,1.17,0
55.66,56.26,55.09,54.54,11.31,49.74,0.57,0
34.86,34.9,34.82,34.47,12.55,45.72,0.05,0
35.56,36.19,35.21,34.85,12.26,51.91,0.35,0
57.98,57.77,59.34,58.75,13.84,22.6,1.36,0
50.65,49.95,49.49,48.99,13.66,41.34,1.16,0
42.29,41.81,42.58,42.15,14.43,30.78,0.29,0
36.15,35.72,36.85,36.48,12.43,43.11,0.7,0
30.04,29.8,29.8,29.5,13.92,40.39,0.24,0
22.31,22.52,22.72,22.49,12.07,42.28,0.41,0
67.3,68.05,65.52,64.87,11.78,48.79,1.78,0
30.96,30.65,30.54,30.24,12.91,24.12,0.42,0
72.78,73.19,74.55,73.8,13.11,27.61,1.77,0
50.3,50.84,50.19,49.69,12.71,36.4,0.11,0
31.84,31.79,30.19,29.89,12.81,36.78,1.65,0
29.17,28.94,29.97,29.67,13.14,30.92,0.8,0
64.74,64.68,64.57,63.92,12.01,40.18,0.17,0
55.51,55.13,87.6,86.72,17.54,115.95,32.09,1
47.82,47.96,49.51,49.01,12.38,50.72,1.69,0
63.59,64.11,64.03,63.39,12.18,48.43,0.44,0
34.32,34.4,34.82,34.47,11.05,36.09,0.5,0
46.17,46.4,47.49,47.02,12.15,23.47,1.32,0
53.44,53.51,55.09,54.54,12.25,47.31,1.65,0
65.37,65.29,64.21,63.56,12.31,52.88,1.17,0
65.68,65.66,66.1,65.44,11.2,36.58,0.43,0
64.71,65.56,65.21,64.56,14.15,50.3,0.5,0
28.72,28.81,29.11,28.82,12.09,52.37,0.39,0
60.87,61.8,61.82,61.2,12.98,55.51,0.95,0
69.34,68.84,68.12,67.44,11.9,26.72,1.22,0
50.15,51.06,49.37,48.87,13.17,43.01,0.79,0
63.07,62.91,64.96,64.31,14.18,32.98,1.88,0
44.37,44.37,44.32,43.87,13.91,36.18,0.05,0
70.56,69.24,71.03,70.32,13.08,20.92,0.47,0
62.3,62.56,63.83,63.19,12.0,31.38,1.53,0
78.85,79.16,79.86,79.06,12.95,39.69,1.01,0
52.72,52.99,51.76,51.24,14.29,45.13,0.96,0
72.99,71.84,73.74,73.01,13.41,36.82,0.75,0
56.32,56.35,57.92,57.34,14.21,27.68,1.6,0
35.19,34.54,34.61,34.27,11.66,36.51,0.57,0
76.23,76.56,76.72,75.96,11.93,22.13,0.49,0
53.84,53.55,52.78,52.25,12.97,34.89,1.06,0
37.43,37.48,81.39,80.57,11.99,130.39,43.96,1
36.79,37.35,38.54,38.15,13.3,28.93,1.74,0
64.47,63.74,62.91,62.28,11.52,22.24,1.56,0
29.16,28.88,27.82,27.55,13.91,43.22,1.34,0
69.26,70.63,67.74,67.06,11.42,54.12,1.52,0
67.68,67.95,69.26,68.57,14.08,38.39,1.58,0
31.1,31.04,29.34,29.05,12.95,55.95,1.76,0
76.98,75.62,75.61,74.85,12.73,51.46,1.38,0
25.11,25.32,23.51,23.28,14.45,48.39,1.6,0
74.65,75.13,73.53,72.79,11.43,38.35,1.12,0
57.89,58.92,58.71,58.12,11.65,57.04,0.81,0
30.87,30.89,30.61,30.31,14.49,34.88,0.26,0
71.16,71.22,72.85,72.12,12.9,36.67,1.69,0
20.11,20.49,21.01,20.8,13.86,49.88,0.9,0
74.0,73.81,73.65,72.92,13.39,57.09,0.35,0
54.97,54.17,56.51,55.94,13.01,36.27,1.54,0
70.86,70.65,70.95,70.24,11.52,25.38,0.09,0
75.34,75.24,75.53,74.78,12.74,44.85,0.2,0
22.3,22.17,20.96,20.76,11.37,40.92,1.33,0
29.55,28.98,29.45,29.16,14.07,21.79,0.1,0
50.2,49.88,50.76,50.25,11.87,37.44,0.56,0
52.55,52.0,51.9,51.38,12.18,28.23,0.65,0
42.28,42.36,43.53,43.09,12.17,26.85,1.25,0
63.21,64.08,63.33,62.69,14.07,20.5,0.12,0
24.06,24.53,23.06,22.83,13.65,48.69,1.0,0
47.04,47.83,48.41,47.93,11.06,45.29,1.37,0
48.38,48.34,48.8,48.31,11.6,32.07,0.42,0
20.07,20.42,20.21,20.01,14.39,31.59,0.14,0
33.46,32.91,35.26,34.9,13.04,54.66,1.79,0
56.62,55.57,57.1,56.53,13.61,50.92,0.49,0
68.74,68.44,67.11,66.44,11.74,30.04,1.64,0
55.97,56.04,55.34,54.78,11.23,38.8,0.63,0
58.95,57.92,57.8,57.22,14.18,38.58,1.15,0
72.23,72.1,73.59,72.85,13.38,50.4,1.36,0
66.59,66.54,67.18,66.51,13.61,22.05,0.59,0
44.92,45.74,44.55,44.1,11.04,43.13,0.38,0
33.37,33.7,32.43,32.11,12.79,57.4,0.94,0
59.37,59.97,57.41,56.83,12.02,50.81,1.96,0
61.67,61.15,62.66,62.03,11.38,33.28,0.99,0
30.04,30.1,31.22,30.91,11.53,30.9,1.18,0
49.69,49.78,48.81,48.33,13.64,40.21,0.88,0
27.18,26.84,26.4,26.13,11.68,21.01,0.79,0
31.33,31.36,29.43,29.14,12.97,58.01,1.89,0
29.92,29.71,30.22,29.92,11.03,50.16,0.3,0
26.62,26.52,26.46,26.2,12.65,48.45,0.16,0
39.51,39.1,113.41,112.27,11.46,102.08,73.9,1
63.25,63.19,64.02,63.38,13.21,57.42,0.77,0
23.55,23.29,21.93,21.72,13.53,50.68,1.62,0
56.03,55.13,123.49,122.26,17.47,126.25,67.47,1
77.95,77.29,76.62,75.86,13.78,44.29,1.32,0
68.95,67.79,70.89,70.19,13.97,36.42,1.95,0
63.74,63.31,63.07,62.44,14.13,45.62,0.66,0
41.98,42.69,42.69,42.27,11.84,25.79,0.71,0
40.63,41.21,39.16,38.77,11.21,36.76,1.46,0
60.41,59.67,59.65,59.05,12.21,47.13,0.77,0
48.38,48.37,49.76,49.26,14.45,25.48,1.38,0
34.52,34.31,35.07,34.72,11.26,30.52,0.55,0
24.1,24.4,23.02,22.79,11.39,23.7,1.08,0
37.89,38.51,39.73,39.33,11.56,33.7,1.83,0
59.52,59.39,59.97,59.37,13.64,27.93,0.45,0
61.15,60.68,60.59,59.98,12.32,36.26,0.57,0
66.59,67.01,67.14,66.47,11.3,33.71,0.55,0
52.36,51.79,54.33,53.78,13.78,50.8,1.96,0
39.67,38.95,40.52,40.12,11.56,26.53,0.86,0
73.5,73.53,71.71,70.99,13.05,23.28,1.79,0
53.64,53.84,53.76,53.22,13.46,32.4,0.12,0
70.76,72.15,69.3,68.61,12.24,46.8,1.46,0
52.69,53.46,53.29,52.75,12.55,23.86,0.6,0
71.5,70.19,70.41,69.71,11.84,42.62,1.08,0
23.7,23.52,23.95,23.71,13.38,35.46,0.25,0
60.37,59.85,60.51,59.9,12.72,58.19,0.14,0
54.76,54.15,53.65,53.12,11.35,51.14,1.1,0
73.15,74.21,73.94,73.2,11.15,27.84,0.79,0
29.85,29.89,30.13,29.83,11.94,42.49,0.28,0
59.87,59.4,61.09,60.48,13.66,55.14,1.23,0
47.08,47.9,45.38,44.92,11.59,41.69,1.7,0
66.56,67.41,64.65,64.0,13.19,36.19,1.91,0
33.26,33.68,34.33,33.99,12.18,21.62,1.07,0
20.17,20.02,18.29,18.1,11.01,23.56,1.89,0
57.88,58.3,58.73,58.14,11.11,25.42,0.86,0
22.88,23.02,21.46,21.25,12.63,52.59,1.42,0
54.65,54.46,54.66,54.11,11.37,39.56,0.0,0
75.17,75.71,74.05,73.31,13.72,54.52,1.11,0
66.86,66.07,68.64,67.96,11.66,36.79,1.79,0
41.47,41.56,41.72,41.3,11.19,29.73,0.25,0
29.53,30.07,27.76,27.49,11.44,35.06,1.76,0
55.5,55.92,56.69,56.13,14.05,21.48,1.2,0
39.69,39.03,40.49,40.08,13.4,30.29,0.79,0
25.58,25.37,24.98,24.73,12.47,22.95,0.6,0
50.35,51.0,49.4,48.91,11.33,56.59,0.95,0
57.16,56.78,57.08,56.51,13.6,22.46,0.08,0
21.95,21.88,23.93,23.69,12.43,56.39,1.98,0
28.5,28.62,29.48,29.18,13.62,36.48,0.98,0
69.28,68.46,69.37,68.68,14.41,33.02,0.09,0
25.55,25.18,25.22,24.97,14.21,26.17,0.33,0
72.4,72.51,73.89,73.16,14.01,41.9,1.49,0
58.75,57.75,57.49,56.91,11.86,49.51,1.26,0
48.04,48.91,49.44,48.94,11.76,29.91,1.4,0
65.6,65.17,66.09,65.43,11.94,48.42,0.49,0
33.62,33.21,35.15,34.8,13.38,40.71,1.53,0
25.15,25.45,23.76,23.52,11.18,26.45,1.39,0
38.69,38.63,38.36,37.98,13.34,57.92,0.32,0
37.57,36.91,36.71,36.34,13.44,37.65,0.86,0
61.68,60.47,61.89,61.27,13.51,42.32,0.21,0
64.82,66.04,65.2,64.55,12.53,56.14,0.39,0
20.56,20.44,20.25,20.04,13.24,28.03,0.31,0
33.01,32.97,31.61,31.29,14.18,20.82,1.4,0
66.26,67.52,67.08,66.41,13.65,23.33,0.82,0
57.63,57.71,56.36,55.8,12.96,41.41,1.27,0
24.55,24.83,22.74,22.51,11.69,28.74,1.81,0
69.97,70.45,68.01,67.33,11.95,23.28,1.95,0
31.19,31.29,29.46,29.17,12.81,35.75,1.72,0
61.99,61.83,61.91,61.3,11.99,27.79,0.08,0
76.88,76.72,77.89,77.11,11.92,55.01,1.01,0
53.59,54.54,84.29,83.45,11.44,70.18,30.7,1
34.11,34.33,33.79,33.45,13.09,40.19,0.32,0
79.09,79.52,78.67,77.88,14.44,26.16,0.43,0
57.58,56.78,57.02,56.45,12.91,51.24,0.56,0
29.11,29.68,28.76,28.47,12.19,27.9,0.35,0
30.55,30.92,31.79,31.48,11.72,42.99,1.25,0
78.71,78.9,79.16,78.37,13.67,50.73,0.45,0
68.15,68.99,66.36,65.69,11.34,56.3,1.79,0
41.48,40.88,42.17,41.75,12.46,36.38,0.69,0
59.9,59.79,59.22,58.63,14.14,38.8,0.68,0
25.56,25.93,27.21,26.94,11.53,50.69,1.65,0
46.18,46.2,46.85,46.38,14.19,46.58,0.67,0
52.57,53.25,51.07,50.56,14.18,51.15,1.5,0
31.68,31.99,32.13,31.81,12.57,37.88,0.45,0
36.05,36.76,36.91,36.54,12.09,24.58,0.86,0
72.87,73.43,74.06,73.32,12.37,32.62,1.2,0
60.95,61.49,62.38,61.76,13.67,25.38,1.43,0
30.13,29.83,28.5,28.22,12.57,42.14,1.63,0
27.0,27.43,25.25,25.0,13.72,42.57,1.75,0
72.03,70.64,72.8,72.07,12.93,35.34,0.77,0
33.83,33.45,35.54,35.19,14.17,58.94,1.71,0
22.38,22.12,21.48,21.26,12.42,39.22,0.9,0
42.19,42.84,42.95,42.52,12.77,42.13,0.76,0
36.22,35.96,34.98,34.63,14.29,55.72,1.24,0
23.83,23.5,24.91,24.67,11.89,59.73,1.08,0
36.79,36.17,38.58,38.19,11.71,58.46,1.79,0
49.28,49.81,47.87,47.39,12.84,47.87,1.41,0
49.3,49.35,50.55,50.04,14.43,24.88,1.25,0
58.26,58.72,58.93,58.34,13.3,27.18,0.67,0
58.66,59.28,58.23,57.65,14.25,24.94,0.43,0
23.82,24.12,23.32,23.08,12.01,48.11,0.51,0
44.76,45.09,44.61,44.16,12.96,53.43,0.15,0
73.85,74.61,106.54,105.47,17.4,189.59,32.69,1
25.03,24.59,25.59,25.34,14.23,58.03,0.56,0
32.1,32.37,32.02,31.7,11.69,30.65,0.08,0
21.8,21.71,95.17,94.22,17.05,172.6,73.37,1
26.5,26.07,26.11,25.85,12.13,47.1,0.4,0
29.86,29.54,30.92,30.61,13.67,56.35,1.06,0
65.8,67.08,65.9,65.24,13.91,57.14,0.1,0
50.89,50.06,49.29,48.79,13.3,37.64,1.61,0
53.65,52.78,51.76,51.24,12.7,23.88,1.88,0
43.79,44.33,42.41,41.98,12.13,44.45,1.39,0
45.34,45.1,46.69,46.22,11.75,59.18,1.35,0
48.68,49.09,46.95,46.48,13.76,20.83,1.73,0
48.88,48.95,50.09,49.58,12.93,44.21,1.2,0
58.04,57.07,56.37,55.8,13.37,55.16,1.68,0
37.7,37.11,37.19,36.82,13.25,22.9,0.51,0
51.9,51.55,52.58,52.06,11.18,52.25,0.68,0
26.1,25.59,25.58,25.32,12.66,34.08,0.52,0
46.04,46.29,47.56,47.08,13.45,41.68,1.52,0
72.65,73.5,74.51,73.76,13.81,22.56,1.86,0
48.28,48.17,48.72,48.24,14.07,38.25,0.45,0
39.86,39.37,40.2,39.8,11.93,36.33,0.34,0
54.51,54.95,53.33,52.8,12.92,41.44,1.19,0
62.57,62.59,63.85,63.21,12.52,48.67,1.28,0
42.29,41.75,41.84,41.42,14.09,52.72,0.46,0
66.81,66.53,65.07,64.42,13.44,44.63,1.74,0
76.0,74.9,77.09,76.32,11.52,42.49,1.08,0
42.01,41.86,43.53,43.1,14.4,24.76,1.52,0
68.34,68.0,66.96,66.29,13.46,34.63,1.38,0
78.41,77.7,77.17,76.4,12.34,50.81,1.24,0
24.18,23.78,23.4,23.16,14.08,40.42,0.78,0
69.3,69.12,70.21,69.51,11.47,31.39,0.91,0
39.07,39.57,39.74,39.34,12.8,22.11,0.67,0
66.89,67.78,67.07,66.4,13.21,25.31,0.17,0
64.04,64.07,63.61,62.97,12.74,39.7,0.42,0
31.94,32.29,32.78,32.45,12.48,59.84,0.83,0
54.63,54.27,53.56,53.02,11.88,57.73,1.08,0
35.85,35.33,35.28,34.93,13.41,23.82,0.56,0
61.15,59.97,61.85,61.24,13.63,28.41,0.7,0
62.94,61.85,62.62,61.99,12.2,46.48,0.32,0
24.66,24.32,25.05,24.8,14.22,47.33,0.39,0
70.96,71.27,72.37,71.64,14.38,46.9,1.4,0
56.64,57.01,56.08,55.52,11.98,33.24,0.55,0
27.37,27.87,28.16,27.88,14.45,47.15,0.79,0
46.07,45.64,46.66,46.19,14.29,23.31,0.59,0
71.88,71.09,71.28,70.57,13.31,59.7,0.59,0
55.96,56.09,56.92,56.35,14.45,41.91,0.97,0
33.91,33.57,33.92,33.58,14.42,55.21,0.01,0
56.35,57.0,55.72,55.17,14.42,59.24,0.62,0
25.9,26.35,27.34,27.07,12.25,27.98,1.45,0
51.27,50.75,49.56,49.07,12.73,40.83,1.71,0
72.33,73.09,71.82,71.1,11.8,45.77,0.51,0
33.26,33.27,31.57,31.25,13.77,21.75,1.69,0
28.93,28.39,26.98,26.71,11.7,54.41,1.95,0
57.22,58.34,58.9,58.31,11.92,51.92,1.68,0
47.31,47.27,47.82,47.34,11.33,58.57,0.51,0
33.66,34.27,32.8,32.47,12.88,49.21,0.86,0
34.26,33.78,32.56,32.23,12.77,48.45,1.7,0
72.07,71.86,73.61,72.87,14.3,27.18,1.54,0
77.58,78.2,78.47,77.69,11.96,37.05,0.89,0
75.14,76.29,112.74,111.62,14.17,168.92,37.6,1
26.31,26.06,27.12,26.85,13.64,39.99,0.81,0
44.94,45.28,45.1,44.65,11.94,33.81,0.17,0
70.91,70.2,70.02,69.32,12.77,57.66,0.89,0
22.35,21.99,91.21,90.3,11.05,77.55,68.86,1
46.52,47.07,47.37,46.9,14.01,57.59,0.85,0
64.69,64.42,66.27,65.61,11.94,22.46,1.58,0
50.5,51.4,51.94,51.42,11.21,50.27,1.44,0
59.6,59.51,61.01,60.4,13.51,33.84,1.4,0
30.94,31.21,30.39,30.09,14.16,21.35,0.55,0
72.58,71.59,72.0,71.28,12.25,24.6,0.57,0
21.93,21.75,22.19,21.97,13.77,47.52,0.26,0
67.37,66.96,68.2,67.51,12.39,58.68,0.83,0
38.28,38.94,37.82,37.44,13.47,29.01,0.46,0
60.06,59.54,61.47,60.85,11.2,38.87,1.41,0
60.38,59.26,61.47,60.85,14.19,37.9,1.08,0
40.75,41.49,41.62,41.2,11.44,32.22,0.87,0
76.42,77.8,77.42,76.65,14.24,48.81,1.0,0
76.34,75.51,77.29,76.52,13.75,53.73,0.95,0
75.61,76.75,76.61,75.85,11.61,27.58,1.0,0
27.93,27.7,28.47,28.18,13.66,24.33,0.54,0
54.94,55.43,55.21,54.66,14.08,47.06,0.27,0
67.64,67.9,69.21,68.52,14.19,35.47,1.58,0
45.53,45.49,47.29,46.81,12.14,49.77,1.75,0
36.77,36.37,38.32,37.94,11.09,53.76,1.55,0
49.69,50.37,48.1,47.62,13.55,36.73,1.59,0
30.14,30.41,31.73,31.42,14.36,35.87,1.6,0
31.3,31.75,30.45,30.14,13.22,26.57,0.86,0
68.57,69.41,66.96,66.29,13.18,52.94,1.61,0
51.67,52.38,50.97,50.47,11.71,53.02,0.69,0
34.7,34.33,34.31,33.97,12.7,45.72,0.39,0
27.47,27.46,28.55,28.26,11.01,49.93,1.08,0
54.54,54.25,55.42,54.87,14.17,55.2,0.88,0
70.87,71.28,70.18,69.47,14.39,56.96,0.7,0
77.64,77.22,77.48,76.7,13.27,23.42,0.17,0
58.74,58.21,57.67,57.1,13.81,43.7,1.06,0
63.34,63.33,64.47,63.82,12.57,23.22,1.13,0
78.32,77.99,80.12,79.31,11.07,21.54,1.79,0
68.86,69.44,68.07,67.39,11.2,23.64,0.79,0
71.2,71.85,71.11,70.4,14.45,32.95,0.09,0
50.94,50.24,51.33,50.82,13.21,52.74,0.4,0
57.04,57.03,57.76,57.19,11.5,22.35,0.72,0
47.69,47.33,48.54,48.06,11.4,31.37,0.85,0
45.5,45.0,45.83,45.37,11.34,31.93,0.33,0
54.76,55.0,55.93,55.37,11.59,39.2,1.16,0
58.72,59.76,57.44,56.87,11.19,43.4,1.28,0
55.0,55.53,54.37,53.83,13.08,37.66,0.63,0
51.31,51.6,50.47,49.97,12.28,26.64,0.84,0
50.41,51.09,49.05,48.56,14.39,31.09,1.36,0
36.11,35.7,38.1,37.72,14.12,52.85,1.99,0
59.47,58.98,59.58,58.99,14.29,46.95,0.11,0
43.82,43.62,43.32,42.88,14.47,27.05,0.5,0
55.57,56.16,57.17,56.6,12.98,23.09,1.6,0
71.12,70.89,71.84,71.13,11.38,30.97,0.72,0
71.25,72.07,72.77,72.05,11.65,22.28,1.52,0
41.88,42.39,43.1,42.66,11.53,54.17,1.22,0
59.56,60.21,58.14,57.56,12.02,48.65,1.42,0
27.24,26.79,28.1,27.82,13.87,57.3,0.86,0
49.41,49.08,47.71,47.23,11.21,51.46,1.7,0
52.89,51.86,54.67,54.12,13.29,40.4,1.78,0
39.74,40.45,38.86,38.47,12.37,40.41,0.89,0
32.08,32.62,32.82,32.49,14.11,23.17,0.74,0
66.49,65.94,66.53,65.86,12.8,37.13,0.04,0
46.86,46.65,84.51,83.66,14.26,83.45,37.65,1
36.06,35.55,37.6,37.22,12.51,29.09,1.54,0
38.51,37.9,36.7,36.33,12.68,46.12,1.81,0
60.6,60.86,61.75,61.13,12.88,40.97,1.14,0
29.79,29.21,28.33,28.05,13.57,22.35,1.46,0
47.71,47.86,49.46,48.97,14.34,33.26,1.75,0
24.36,24.06,23.37,23.14,13.33,34.13,0.99,0
33.41,33.72,34.32,33.98,11.24,58.47,0.92,0
37.14,37.29,35.32,34.97,11.11,22.86,1.82,0
67.08,66.17,67.65,66.97,14.11,53.93,0.57,0
23.53,23.62,24.3,24.06,12.5,31.51,0.77,0
79.58,78.86,79.24,78.45,13.36,27.37,0.34,0
66.93,67.68,67.27,66.6,13.47,22.4,0.34,0
42.16,42.37,44.15,43.7,11.83,42.17,1.98,0
37.46,37.34,36.23,35.87,13.76,48.84,1.23,0
74.66,74.03,75.64,74.89,11.88,50.04,0.98,0
29.57,29.92,30.29,29.99,12.41,48.64,0.73,0
32.06,32.55,31.04,30.73,13.56,43.76,1.02,0
63.96,64.95,63.16,62.53,13.5,39.56,0.8,0
56.36,57.17,55.17,54.61,12.21,29.51,1.19,0
36.14,36.61,36.44,36.08,12.38,44.2,0.31,0
72.26,71.11,70.41,69.7,11.17,57.64,1.85,0
39.79,39.13,38.85,38.46,12.88,41.72,0.95,0
57.8,58.18,55.83,55.27,13.38,41.13,1.97,0
69.89,69.75,70.16,69.46,11.78,42.99,0.26,0
24.97,24.47,25.25,25.0,13.62,59.2,0.28,0
68.9,68.06,67.12,66.45,11.95,59.83,1.78,0
33.88,33.92,33.92,33.58,14.26,58.56,0.03,0
57.51,57.13,57.77,57.19,14.17,24.94,0.26,0
61.22,61.43,60.45,59.84,13.49,25.95,0.77,0
69.05,67.7,143.21,141.78,14.89,176.06,74.16,1
47.35,47.16,47.42,46.94,12.66,44.57,0.06,0
70.18,70.3,71.14,70.43,12.17,55.05,0.96,0
59.18,58.12,59.42,58.83,13.22,41.45,0.25,0
41.42,41.24,83.88,83.04,17.68,218.76,42.46,1
60.34,60.16,59.1,58.51,14.34,50.15,1.24,0
79.71,80.76,77.94,77.17,11.08,21.59,1.76,0
30.41,30.67,29.48,29.19,11.8,40.08,0.93,0
24.41,24.65,23.27,23.03,12.66,22.13,1.15,0
66.21,66.24,67.25,66.58,14.18,22.43,1.04,0
37.36,37.12,35.53,35.18,13.15,27.98,1.83,0
43.79,44.53,43.5,43.07,12.36,35.0,0.28,0
50.66,49.97,50.09,49.58,12.41,55.62,0.57,0
62.47,63.04,63.45,62.82,14.08,57.45,0.98,0
62.53,62.97,60.62,60.01,11.49,23.77,1.91,0
71.74,71.51,72.36,71.64,12.36,31.99,0.62,0
39.2,39.24,39.71,39.31,13.99,26.96,0.51,0
62.81,62.96,63.23,62.6,13.54,33.95,0.42,0
32.6,33.23,33.39,33.05,11.46,34.33,0.79,0
40.67,40.07,79.38,78.58,12.39,38.84,38.71,1
77.84,76.99,79.29,78.5,12.81,31.46,1.45,0
61.18,62.37,62.05,61.43,13.94,51.19,0.87,0
67.63,66.98,69.18,68.49,12.77,59.28,1.55,0
48.69,48.4,49.62,49.12,12.95,27.31,0.92,0
51.82,52.22,50.37,49.87,14.1,22.71,1.45,0
79.7,80.53,81.04,80.23,13.74,52.65,1.34,0
71.1,71.21,73.04,72.31,12.04,34.26,1.93,0
59.78,59.66,61.5,60.89,13.15,26.74,1.72,0
74.57,73.32,75.72,74.97,14.28,20.63,1.15,0
61.0,60.57,59.66,59.07,12.76,33.54,1.34,0
41.57,41.95,41.23,40.82,11.32,36.86,0.34,0
30.65,30.45,31.8,31.48,12.39,31.78,1.15,0
51.8,51.06,50.79,50.28,13.68,48.33,1.01,0
55.3,54.2,55.65,55.09,13.76,52.58,0.35,0
38.0,38.38,38.52,38.14,14.07,27.46,0.52,0
73.2,73.27,73.97,73.23,14.01,44.14,0.78,0
51.7,51.97,123.16,121.93,16.06,138.83,71.46,1
68.1,67.81,66.3,65.64,11.79,27.0,1.8,0
43.18,43.61,44.89,44.44,12.37,59.61,1.71,0
50.68,51.09,48.78,48.29,13.31,30.86,1.9,0
21.46,21.28,20.19,19.99,14.06,27.55,1.27,0
20.16,19.93,21.56,21.34,13.32,43.26,1.4,0
40.61,40.1,38.82,38.44,11.8,59.19,1.78,0
35.68,35.33,35.68,35.33,12.57,48.25,0.0,0
75.42,76.6,74.56,73.82,12.54,20.16,0.86,0
23.54,23.74,25.08,24.83,11.3,37.57,1.54,0
39.04,39.53,38.81,38.42,13.41,33.76,0.23,0
56.31,55.43,116.69,115.53,12.97,24.53,60.38,1
72.68,72.99,124.52,123.28,13.33,175.34,51.85,1
29.63,29.3,28.63,28.34,13.97,26.75,1.0,0
79.38,79.38,79.03,78.24,13.99,46.85,0.35,0
74.45,74.13,75.72,74.96,13.44,47.52,1.27,0
38.48,37.74,38.72,38.34,11.67,32.84,0.24,0
54.36,54.44,54.26,53.72,13.35,23.84,0.1,0
32.12,32.11,33.25,32.91,13.22,21.13,1.13,0
68.6,68.41,67.61,66.93,11.34,41.03,1.0,0
68.46,69.83,69.14,68.45,11.01,46.32,0.68,0
38.91,39.28,37.56,37.18,14.16,40.28,1.35,0
60.46,61.46,60.39,59.78,14.31,56.83,0.07,0
40.87,41.56,41.64,41.22,14.42,38.89,0.77,0
43.47,42.82,41.48,41.07,12.16,27.04,1.99,0
22.99,22.84,21.75,21.53,12.8,23.39,1.24,0
38.35,39.0,38.2,37.82,11.18,39.11,0.15,0
26.44,26.11,24.94,24.69,11.22,48.89,1.5,0
20.22,19.9,21.2,20.99,12.37,32.39,0.98,0
34.5,34.14,33.34,33.01,14.19,27.19,1.16,0
33.19,33.26,34.06,33.72,13.29,59.64,0.87,0
49.82,50.22,48.24,47.75,11.79,40.39,1.58,0
75.41,75.83,74.26,73.52,12.29,30.72,1.15,0
66.31,65.0,67.9,67.22,12.72,52.91,1.58,0
38.29,38.1,37.23,36.86,12.26,36.83,1.05,0
26.26,26.7,25.62,25.36,12.56,24.99,0.64,0
73.23,72.97,73.4,72.66,12.78,22.1,0.16,0
51.61,51.68,52.26,51.74,12.58,53.56,0.65,0
79.65,80.05,79.16,78.37,12.38,33.55,0.49,0
59.54,60.05,59.63,59.03,12.71,25.44,0.09,0
71.29,71.26,71.92,71.2,13.39,45.51,0.63,0
24.63,24.17,24.8,24.55,14.12,36.36,0.17,0
58.59,58.21,58.7,58.11,11.56,58.44,0.11,0
45.97,45.36,46.43,45.97,13.3,49.9,0.46,0
62.31,62.14,61.94,61.32,14.28,56.52,0.37,0
79.69,79.8,80.55,79.74,11.15,50.32,0.85,0
78.66,78.17,77.03,76.26,11.61,36.94,1.63,0
55.22,55.27,55.25,54.7,11.54,37.25,0.03,0
39.17,39.46,38.8,38.42,13.55,20.15,0.36,0
42.99,42.15,41.38,40.96,13.35,53.58,1.61,0
64.83,64.23,64.52,63.87,11.81,30.8,0.31,0
31.93,32.25,30.07,29.77,11.22,57.96,1.86,0
74.71,75.63,73.01,72.28,13.12,32.13,1.71,0
34.6,34.75,33.3,32.96,13.39,59.45,1.31,0
40.29,40.51,40.18,39.78,12.08,53.75,0.1,0
60.5,61.4,59.99,59.39,12.81,42.91,0.5,0
36.19,35.57,34.52,34.18,12.44,26.42,1.67,0
21.31,21.17,19.66,19.47,11.54,44.09,1.64,0
26.76,27.25,28.73,28.44,13.41,40.99,1.97,0
66.18,65.7,66.59,65.92,11.63,42.01,0.41,0
53.13,54.08,125.78,124.52,11.47,32.9,72.65,1
77.31,76.85,79.07,78.28,14.08,32.01,1.76,0
54.35,53.28,79.66,78.86,15.42,82.76,25.31,1
66.9,67.37,65.2,64.55,12.31,31.61,1.7,0
51.29,50.41,53.16,52.63,11.44,30.9,1.87,0
66.72,65.88,65.7,65.04,11.22,48.88,1.02,0
73.79,74.1,73.9,73.17,12.79,52.71,0.12,0
31.31,31.35,29.37,29.07,12.0,28.37,1.95,0
24.64,24.22,23.46,23.23,12.97,40.61,1.17,0
72.18,71.74,71.68,70.96,11.52,31.74,0.5,0
61.16,59.97,62.67,62.04,13.59,27.51,1.51,0
69.31,69.92,71.18,70.47,12.52,36.48,1.87,0
27.97,27.79,28.67,28.39,12.5,55.12,0.7,0
70.86,70.59,70.65,69.95,14.23,54.54,0.2,0
48.56,48.0,48.83,48.34,13.04,48.42,0.27,0
44.37,43.93,43.28,42.85,11.31,51.71,1.09,0
62.84,62.97,63.87,63.23,13.49,57.08,1.02,0
72.14,70.98,74.05,73.31,12.06,35.61,1.92,0
79.75,79.54,77.87,77.1,11.2,46.9,1.87,0
26.72,26.9,24.81,24.56,11.75,30.41,1.9,0
23.45,23.87,24.65,24.4,11.49,28.42,1.2,0
75.56,74.86,76.23,75.47,14.4,35.7,0.67,0
47.7,48.41,45.8,45.34,14.21,22.47,1.9,0
44.37,43.92,46.32,45.86,13.69,55.13,1.95,0
79.97,80.26,79.84,79.04,13.76,53.53,0.14,0
64.04,63.51,62.33,61.71,13.17,54.03,1.71,0
65.2,65.08,66.24,65.58,13.64,40.77,1.04,0
58.26,59.17,58.1,57.52,14.44,46.0,0.17,0
36.2,36.33,35.16,34.81,12.06,36.05,1.04,0
44.99,45.87,44.35,43.91,13.29,55.69,0.64,0
69.29,68.16,67.49,66.82,11.8,33.66,1.8,0
30.38,30.93,32.21,31.88,11.12,54.85,1.83,0
62.2,62.48,62.35,61.72,13.25,25.35,0.15,0
51.73,51.42,51.19,50.68,14.24,55.81,0.54,0
76.51,75.17,77.74,76.96,14.0,45.31,1.23,0
52.28,51.71,53.01,52.48,11.79,48.33,0.73,0
72.85,72.32,71.84,71.12,13.09,27.56,1.01,0
25.66,25.72,66.06,65.4,14.76,212.68,40.39,1
70.69,70.0,71.94,71.22,13.69,28.25,1.24,0
53.42,53.61,53.19,52.66,13.46,28.33,0.23,0
51.02,52.02,50.07,49.57,11.84,56.98,0.95,0
79.91,81.12,80.87,80.06,11.5,37.1,0.95,0
34.04,33.85,32.23,31.91,11.71,42.87,1.82,0
30.62,30.88,30.15,29.85,11.44,38.29,0.47,0
40.85,40.78,41.17,40.76,13.38,21.63,0.32,0
26.87,27.0,27.24,26.97,11.31,51.36,0.36,0
54.04,54.81,55.23,54.68,11.23,34.63,1.18,0
49.84,50.57,51.71,51.19,13.95,30.34,1.87,0
60.81,60.83,61.08,60.47,12.67,41.75,0.28,0
31.39,30.91,31.79,31.47,13.52,36.95,0.4,0
52.94,52.3,51.73,51.22,14.33,41.97,1.2,0
25.7,25.6,24.17,23.93,14.34,46.76,1.53,0
49.14,48.83,50.58,50.08,13.76,26.0,1.44,0
25.57,25.45,25.16,24.91,12.66,23.03,0.41,0
72.89,72.76,73.62,72.89,11.6,29.26,0.73,0
72.88,72.56,99.71,98.71,11.67,89.29,26.82,1
67.65,67.72,66.61,65.94,11.61,47.99,1.04,0
57.01,57.28,58.14,57.56,12.68,21.78,1.13,0
52.06,52.03,53.92,53.38,14.22,45.66,1.86,0
21.02,20.7,20.6,20.4,12.25,51.87,0.41,0
23.77,23.54,84.01,83.17,11.74,142.37,60.24,1
60.17,61.38,119.07,117.88,15.03,74.81,58.89,1
35.73,35.54,37.04,36.67,13.93,55.98,1.31,0
28.02,27.88,27.34,27.07,13.32,42.55,0.68,0
60.0,59.48,59.99,59.39,13.18,52.74,0.01,0
71.41,71.66,73.4,72.67,12.73,44.34,1.99,0
78.23,77.61,77.46,76.68,14.48,40.96,0.77,0
21.37,21.43,22.03,21.81,11.41,24.33,0.66,0
58.87,58.25,58.78,58.19,12.07,34.68,0.09,0
49.21,48.91,109.47,108.38,17.25,199.0,60.26,1
60.6,60.2,59.75,59.16,13.22,22.24,0.84,0
42.25,41.54,43.59,43.16,11.42,57.26,1.34,0
23.35,23.11,23.52,23.29,13.2,49.11,0.17,0
69.5,68.13,68.94,68.25,11.7,51.55,0.56,0
30.83,31.07,32.63,32.3,12.85,26.04,1.79,0
27.25,27.05,26.13,25.87,12.43,58.6,1.12,0
59.21,58.29,58.52,57.94,13.45,49.05,0.69,0
48.23,48.6,47.91,47.43,11.53,25.72,0.32,0
51.09,50.87,52.07,51.55,11.53,20.27,0.98,0
74.23,73.77,75.57,74.82,11.09,46.36,1.35,0
74.76,73.41,73.41,72.68,12.97,31.04,1.35,0
73.98,73.53,72.92,72.19,12.5,54.3,1.06,0
23.82,23.64,25.61,25.36,13.75,27.93,1.79,0
28.15,27.68,29.79,29.49,14.0,39.54,1.64,0
76.49,76.71,75.96,75.2,14.32,51.2,0.53,0
74.73,73.43,75.43,74.67,12.48,29.18,0.69,0
76.82,77.05,122.22,120.99,11.53,40.23,45.4,1
79.6,80.03,79.41,78.61,14.31,37.41,0.2,0
61.53,61.89,63.45,62.82,14.15,23.0,1.92,0
57.57,58.22,58.09,57.51,13.78,56.15,0.51,0
79.07,79.71,80.1,79.3,11.27,53.93,1.03,0
22.69,22.99,23.86,23.62,12.88,29.25,1.17,0
31.45,31.2,30.08,29.78,13.68,22.13,1.37,0
44.72,44.31,44.18,43.74,11.19,31.74,0.54,0
41.14,41.1,42.6,42.17,13.48,47.49,1.46,0
36.66,35.97,111.3,110.18,11.61,81.09,74.64,1
21.33,21.53,81.35,80.54,12.28,132.72,60.03,1
36.72,36.64,35.16,34.8,11.93,47.42,1.56,0
36.75,37.2,37.53,37.15,12.63,53.0,0.78,0
34.53,34.77,34.34,34.0,13.49,27.27,0.18,0
35.05,35.34,36.93,36.56,11.53,29.77,1.88,0
33.35,32.81,35.01,34.66,12.22,30.87,1.66,0
22.46,22.37,22.0,21.78,12.7,34.48,0.45,0
38.52,39.15,39.8,39.4,13.55,57.62,1.28,0
75.11,73.86,74.27,73.52,12.74,36.27,0.84,0
24.93,24.84,24.27,24.03,13.29,20.84,0.66,0
76.73,75.48,76.89,76.12,13.51,41.88,0.16,0
36.56,36.85,35.62,35.26,12.88,43.15,0.94,0
20.06,19.88,22.01,21.79,11.22,31.04,1.95,0
42.1,42.2,43.75,43.32,11.41,28.83,1.66,0
40.81,40.98,40.75,40.34,12.63,53.63,0.06,0
43.71,43.23,42.06,41.64,11.02,35.45,1.65,0
49.01,48.46,49.54,49.04,14.04,41.89,0.53,0
53.09,52.75,51.31,50.8,13.98,29.77,1.78,0
56.84,57.65,55.92,55.36,12.36,28.19,0.92,0
57.42,56.87,57.65,57.08,12.33,59.94,0.23,0
59.22,59.64,59.78,59.18,14.33,49.28,0.55,0
32.84,33.25,31.14,30.82,12.48,24.88,1.7,0
53.69,52.96,54.54,54.0,13.01,25.12,0.85,0
40.44,41.11,40.65,40.24,13.86,24.42,0.21,0
70.97,70.94,70.82,70.11,11.21,32.57,0.15,0
57.12,57.15,122.8,121.58,14.7,84.75,65.68,1
52.26,51.5,53.12,52.59,13.35,24.13,0.86,0
70.36,69.72,69.62,68.92,12.36,43.31,0.74,0
47.41,46.87,45.49,45.03,14.14,24.18,1.92,0
27.57,27.21,25.6,25.35,12.68,50.68,1.96,0
46.34,46.43,46.69,46.23,13.13,31.31,0.35,0
42.7,42.53,41.6,41.19,11.44,41.37,1.1,0
61.46,61.02,61.92,61.3,12.01,39.23,0.46,0
42.03,42.78,40.75,40.34,13.38,53.77,1.28,0
62.95,62.79,64.37,63.73,13.18,26.23,1.42,0
64.03,63.33,62.33,61.71,13.33,43.1,1.7,0
66.41,66.02,66.62,65.95,14.49,32.55,0.21,0
71.5,72.65,72.52,71.79,13.6,26.91,1.02,0
24.44,24.34,22.78,22.55,13.48,28.92,1.66,0
25.55,25.16,27.42,27.14,13.38,31.24,1.86,0
32.28,32.17,31.36,31.04,13.09,22.06,0.92,0
38.69,38.13,37.93,37.55,12.57,27.86,0.76,0
62.39,62.83,61.02,60.41,14.36,59.73,1.37,0
47.06,46.37,45.31,44.85,14.49,33.6,1.76,0
64.62,63.7,130.53,129.23,15.26,60.21,65.92,1
32.05,31.69,97.96,96.98,16.16,81.84,65.91,1
22.7,22.42,21.17,20.96,12.8,33.75,1.53,0
72.52,71.74,73.78,73.05,13.76,29.93,1.26,0
45.72,46.32,46.22,45.75,14.0,50.54,0.49,0
44.09,43.27,45.79,45.33,13.08,27.38,1.7,0
50.56,50.12,50.2,49.7,14.15,29.37,0.37,0
44.13,43.69,76.26,75.5,13.84,190.97,32.13,1
44.73,44.07,44.04,43.6,13.72,56.43,0.69,0
30.07,30.51,30.79,30.48,13.49,52.44,0.72,0
23.62,23.74,24.96,24.71,12.25,41.18,1.34,0
36.48,36.65,36.75,36.38,12.15,22.5,0.27,0
55.12,54.84,54.78,54.23,12.42,42.54,0.34,0
40.62,40.96,39.54,39.14,12.75,29.41,1.08,0
72.6,71.46,73.11,72.38,13.06,47.77,0.51,0
49.55,48.72,50.91,50.4,12.5,22.26,1.36,0
39.28,39.26,90.01,89.11,11.84,56.96,50.73,1
43.23,42.58,45.21,44.76,13.44,36.21,1.98,0
24.44,24.5,22.89,22.66,14.03,27.07,1.55,0
64.46,63.6,64.35,63.71,11.97,51.26,0.11,0
66.7,65.96,68.37,67.68,11.3,49.57,1.67,0
51.3,51.67,51.89,51.37,12.45,56.63,0.59,0
50.23,50.37,51.34,50.82,11.8,31.84,1.1,0
65.7,65.25,65.13,64.47,13.95,57.4,0.57,0
39.9,39.79,37.93,37.55,11.51,20.96,1.97,0
36.83,37.13,35.82,35.46,12.94,23.19,1.02,0
60.46,59.27,61.75,61.14,14.16,47.59,1.29,0
65.53,66.55,64.16,63.52,13.8,26.46,1.37,0
65.98,64.95,67.83,67.15,13.17,58.9,1.85,0
57.18,57.11,57.91,57.33,11.23,26.82,0.73,0
56.85,56.89,55.93,55.37,11.55,33.25,0.92,0
64.27,64.16,64.0,63.36,12.97,42.22,0.27,0
38.17,38.78,37.59,37.21,14.49,44.98,0.58,0
44.61,44.02,45.11,44.66,13.15,20.68,0.5,0
68.38,68.59,67.63,66.95,11.14,33.94,0.75,0
53.1,52.88,53.48,52.95,13.6,58.97,0.38,0
20.6,20.73,22.21,21.99,13.4,54.05,1.62,0
49.92,49.07,51.75,51.24,14.13,32.31,1.83,0
78.27,76.91,79.54,78.74,12.36,30.89,1.27,0
66.19,65.79,65.76,65.1,14.29,30.43,0.43,0
58.04,59.05,56.24,55.68,13.64,48.55,1.8,0
72.25,72.37,72.92,72.19,12.26,58.87,0.66,0
77.96,78.41,77.45,76.67,11.77,40.16,0.51,0
54.66,54.95,56.22,55.66,12.57,37.02,1.56,0
70.97,71.65,69.59,68.89,13.15,34.56,1.38,0
24.08,23.91,52.12,51.6,14.3,210.53,28.04,1
55.51,56.41,54.65,54.11,14.02,43.13,0.85,0
60.63,59.43,61.91,61.29,14.01,22.3,1.28,0
46.9,46.08,48.79,48.3,11.8,44.69,1.89,0
51.55,51.86,50.49,49.98,13.0,22.83,1.07,0
27.54,27.71,27.2,26.92,13.27,50.56,0.34,0
48.96,49.84,48.54,48.06,12.3,56.59,0.42,0
77.42,75.93,76.75,75.99,13.53,36.56,0.67,0
62.7,61.82,63.81,63.17,12.08,46.61,1.11,0
23.62,23.43,21.64,21.42,14.47,36.56,1.98,0
41.08,40.68,41.88,41.46,11.28,39.77,0.8,0
69.43,68.3,70.9,70.19,13.55,40.98,1.47,0
62.87,62.36,64.52,63.87,12.65,25.84,1.65,0
34.09,34.51,33.49,33.16,13.46,52.89,0.6,0
76.77,77.54,76.38,75.61,13.21,34.92,0.39,0
55.19,54.68,54.8,54.26,12.52,29.19,0.38,0
48.25,48.45,48.11,47.63,12.99,20.46,0.13,0
47.41,47.96,47.85,47.37,13.14,20.94,0.45,0
76.14,77.01,75.22,74.47,14.29,32.93,0.91,0
49.9,49.83,51.85,51.33,12.87,20.42,1.95,0
54.55,53.96,52.65,52.13,13.69,31.38,1.9,0
58.49,58.6,59.53,58.93,12.97,21.42,1.04,0
64.41,63.32,62.57,61.94,13.13,42.72,1.84,0
40.7,39.89,40.5,40.1,13.95,41.27,0.19,0
68.02,67.63,66.43,65.77,14.36,40.47,1.59,0
77.96,76.92,76.91,76.14,11.72,32.42,1.05,0
24.59,24.68,24.28,24.04,14.31,45.11,0.3,0
36.72,37.11,36.25,35.89,11.36,20.58,0.47,0
23.78,23.89,24.79,24.54,12.42,50.62,1.0,0
62.46,62.33,60.54,59.93,14.21,59.75,1.93,0
74.63,74.28,72.89,72.16,14.36,27.93,1.74,0
70.54,71.05,69.39,68.69,12.02,25.94,1.15,0
44.6,44.34,43.06,42.63,12.39,55.53,1.54,0
32.68,32.38,33.19,32.86,11.08,40.43,0.51,0
69.6,69.64,71.37,70.66,12.22,36.28,1.77,0
46.43,45.52,45.45,44.99,11.65,37.01,0.98,0
52.71,53.38,51.13,50.62,12.49,35.13,1.58,0
62.43,61.51,63.82,63.18,12.79,21.02,1.39,0
41.69,42.18,41.96,41.54,12.81,55.47,0.28,0
56.19,55.95,54.76,54.21,11.51,41.6,1.43,0
25.84,26.24,25.08,24.83,12.3,39.84,0.76,0
23.35,22.96,78.45,77.66,14.69,77.11,55.1,1
79.57,80.21,79.78,78.98,11.31,58.27,0.21,0
52.07,51.18,53.6,53.06,11.69,55.46,1.53,0
54.94,55.26,128.02,126.74,12.88,130.86,73.08,1
30.43,30.13,29.27,28.98,13.02,32.45,1.16,0
32.31,32.81,31.03,30.72,12.64,45.36,1.29,0
72.38,73.48,70.43,69.73,13.46,59.13,1.95,0
50.77,50.11,49.59,49.09,11.75,31.96,1.18,0
42.03,42.57,40.79,40.39,14.09,46.98,1.23,0
44.2,43.35,44.12,43.68,14.09,23.85,0.09,0
67.71,67.8,68.8,68.11,12.7,22.98,1.09,0
51.6,50.79,50.41,49.91,13.63,20.07,1.19,0
56.8,57.21,101.29,100.28,16.9,115.01,44.49,1
61.68,62.05,60.96,60.35,11.68,31.56,0.72,0
78.94,78.38,78.62,77.84,12.03,22.07,0.31,0
20.46,20.45,18.88,18.69,12.88,36.21,1.58,0
24.82,24.96,26.21,25.95,12.3,23.21,1.39,0
64.43,65.17,66.37,65.71,13.66,56.22,1.95,0
50.49,51.41,51.51,51.0,12.69,41.97,1.03,0
72.93,73.4,74.5,73.75,12.28,23.62,1.57,0
20.56,20.35,21.38,21.17,12.07,30.09,0.82,0
31.48,31.16,30.86,30.55,12.69,40.78,0.61,0
43.56,43.89,42.27,41.85,14.46,24.91,1.3,0
38.36,37.81,36.64,36.27,14.37,54.49,1.73,0
66.57,65.56,67.56,66.89,11.16,47.64,1.0,0
29.75,29.66,27.96,27.68,14.48,26.75,1.79,0
68.0,67.36,69.82,69.12,13.44,44.96,1.82,0
52.5,51.7,52.76,52.24,13.4,46.58,0.26,0
36.41,36.71,34.86,34.51,13.82,51.82,1.55,0
43.65,43.37,42.66,42.24,11.73,51.41,0.99,0
79.44,79.16,78.52,77.73,13.69,46.57,0.92,0
28.48,28.16,27.41,27.13,12.61,24.91,1.07,0
41.33,41.76,40.16,39.76,12.03,28.67,1.17,0
59.14,59.07,60.72,60.11,11.34,52.59,1.58,0
46.45,47.12,44.55,44.11,13.98,33.1,1.9,0
38.94,39.26,40.12,39.72,13.36,48.83,1.18,0
24.96,25.13,26.08,25.82,14.21,36.93,1.12,0
46.8,46.71,46.02,45.56,12.79,51.48,0.78,0
23.85,24.16,23.17,22.94,14.04,30.01,0.68,0
59.33,60.02,57.74,57.16,12.43,31.8,1.59,0
48.52,49.19,47.55,47.07,11.55,29.85,0.97,0
63.71,62.94,64.58,63.93,14.27,46.64,0.87,0
68.12,66.78,68.92,68.23,11.65,30.58,0.8,0
42.64,42.92,41.23,40.82,12.5,33.29,1.41,0
65.7,66.02,64.46,63.81,12.23,31.61,1.24,0
60.37,59.4,61.99,61.37,11.46,44.72,1.62,0
60.52,60.74,60.41,59.81,11.24,27.99,0.11,0
75.26,76.32,73.3,72.56,11.96,41.39,1.97,0
27.68,27.8,27.42,27.15,13.32,58.4,0.26,0
46.4,47.13,46.2,45.73,12.81,49.16,0.2,0
70.44,70.89,69.66,68.97,11.62,27.8,0.77,0
72.77,72.02,73.73,73.0,14.2,34.39,0.96,0
47.0,46.57,89.92,89.02,14.85,91.47,42.92,1
26.58,26.9,26.49,26.23,13.63,34.8,0.09,0
27.6,27.82,26.42,26.15,12.24,28.08,1.18,0
23.71,23.67,24.99,24.74,14.42,55.16,1.28,0
43.77,44.32,43.33,42.9,12.65,55.96,0.44,0
60.12,59.25,59.12,58.53,11.6,33.35,1.0,0
41.18,40.76,39.91,39.51,14.24,58.28,1.27,0
44.6,44.28,46.43,45.97,14.35,54.71,1.83,0
77.16,78.12,75.65,74.9,11.52,26.87,1.5,0
78.11,78.84,77.1,76.33,11.12,58.2,1.01,0
64.12,65.22,63.91,63.27,11.4,49.38,0.22,0
33.37,33.97,32.66,32.34,13.55,54.89,0.71,0
71.21,70.38,69.35,68.66,11.65,43.39,1.86,0
20.03,19.91,19.7,19.51,13.73,41.76,0.33,0
27.79,28.22,28.47,28.19,12.1,53.06,0.68,0
24.79,24.46,22.83,22.6,13.86,45.37,1.96,0
41.27,40.45,42.68,42.25,12.11,52.99,1.42,0
26.77,26.86,25.91,25.65,12.12,53.15,0.86,0
72.07,71.32,72.75,72.02,12.01,40.52,0.67,0
55.16,54.24,53.71,53.17,13.79,55.32,1.45,0
73.96,73.17,73.2,72.47,12.12,39.55,0.76,0
45.61,44.93,47.12,46.65,12.29,24.04,1.51,0
60.99,61.82,61.82,61.2,11.21,26.96,0.84,0
24.55,24.81,22.81,22.58,11.5,54.05,1.74,0
32.14,31.73,30.95,30.64,12.78,28.66,1.19,0
41.48,41.05,42.1,41.68,13.17,51.29,0.63,0
61.93,62.86,60.11,59.51,13.18,49.44,1.83,0
55.86,56.85,57.69,57.12,11.4,43.62,1.83,0
55.07,55.11,56.62,56.05,14.22,32.44,1.56,0
69.49,68.99,67.66,66.98,11.25,30.46,1.83,0
75.57,76.53,132.87,131.55,17.99,81.36,57.3,1
67.26,68.53,67.47,66.79,13.39,22.8,0.2,0
27.3,27.81,26.53,26.27,14.36,57.42,0.77,0
60.38,61.27,62.26,61.64,13.36,29.62,1.88,0
78.68,80.06,80.26,79.46,14.48,23.86,1.58,0
32.79,32.51,33.96,33.62,13.63,34.85,1.16,0
40.72,40.83,42.63,42.2,12.84,27.1,1.91,0
75.4,74.48,75.4,74.65,13.96,42.35,0.0,0
68.31,67.42,69.75,69.05,13.28,42.51,1.43,0
70.59,70.76,71.92,71.2,12.18,58.26,1.33,0
39.88,39.67,38.53,38.15,13.67,29.96,1.35,0
50.66,50.19,51.06,50.55,13.33,26.33,0.4,0
61.84,60.62,60.43,59.82,12.74,52.75,1.42,0
33.79,33.16,34.84,34.5,13.15,55.78,1.06,0
21.56,21.53,19.83,19.63,12.73,53.94,1.73,0
50.41,50.87,51.55,51.03,11.74,38.54,1.14,0
32.99,33.09,34.8,34.46,14.25,53.94,1.81,0
30.29,30.01,30.22,29.92,11.62,59.35,0.07,0
65.16,65.28,66.97,66.3,13.29,22.83,1.81,0
24.6,24.67,90.07,89.17,17.38,39.6,65.46,1
77.66,78.52,77.27,76.5,13.12,59.39,0.38,0
56.91,55.85,58.51,57.92,14.01,52.35,1.59,0
75.34,74.85,75.15,74.4,12.45,39.92,0.2,0
24.27,24.53,24.81,24.57,11.75,39.32,0.54,0
30.17,30.12,30.33,30.03,11.74,45.81,0.16,0
52.05,52.8,50.49,49.98,12.58,53.84,1.57,0
53.53,54.27,52.21,51.69,13.48,32.14,1.32,0
36.06,35.63,34.74,34.4,13.81,49.3,1.31,0
27.29,27.34,28.49,28.21,14.21,34.24,1.2,0
75.87,76.34,75.5,74.74,12.3,56.92,0.37,0
41.58,41.83,39.94,39.54,12.09,25.39,1.64,0
36.4,36.55,37.21,36.84,12.99,27.94,0.81,0
78.87,78.8,80.48,79.67,13.44,35.7,1.61,0
36.97,36.25,38.87,38.48,13.34,26.33,1.9,0
70.54,71.12,71.76,71.05,11.45,46.1,1.22,0
30.71,31.2,31.51,31.2,13.62,54.31,0.8,0
28.47,28.52,26.84,26.57,13.57,54.82,1.63,0
72.38,71.91,71.68,70.97,13.61,44.96,0.7,0
32.99,32.67,31.93,31.61,11.88,20.41,1.06,0
36.43,36.02,35.63,35.27,12.74,28.94,0.8,0
62.08,62.22,61.82,61.2,13.05,28.17,0.27,0
78.82,78.21,79.07,78.28,11.94,30.12,0.25,0
31.91,31.43,31.03,30.72,12.2,40.73,0.88,0
20.28,19.95,19.48,19.29,13.6,24.25,0.8,0
27.78,28.24,26.28,26.01,13.85,38.37,1.5,0
39.67,39.89,37.94,37.56,14.39,42.94,1.74,0
50.81,51.34,51.63,51.12,14.39,22.08,0.83,0
26.36,26.03,25.28,25.03,11.36,49.97,1.08,0
49.37,50.11,50.71,50.21,14.27,23.17,1.34,0
67.93,67.82,66.04,65.38,12.65,50.01,1.89,0
32.04,32.37,31.11,30.8,13.43,43.98,0.93,0
62.28,62.46,62.58,61.95,13.0,27.26,0.3,0
20.84,20.55,19.93,19.73,11.49,35.89,0.91,0
62.27,63.48,61.76,61.14,12.65,53.86,0.5,0
77.95,78.23,78.83,78.04,12.77,52.85,0.88,0
22.03,21.6,20.59,20.39,12.28,34.37,1.43,0
65.34,65.63,64.55,63.9,11.44,20.54,0.8,0
61.61,60.97,62.18,61.56,11.43,42.88,0.57,0
61.36,61.35,60.68,60.07,12.03,24.54,0.68,0
28.99,28.53,28.67,28.39,12.33,51.09,0.32,0
28.46,28.15,30.19,29.89,11.52,33.22,1.73,0
52.16,52.95,52.39,51.86,13.66,51.1,0.23,0
77.87,77.42,78.19,77.41,13.77,44.84,0.32,0
54.0,54.87,54.37,53.83,13.38,40.12,0.37,0
27.84,27.73,27.34,27.06,12.81,34.03,0.51,0
63.27,62.34,62.06,61.44,11.59,31.1,1.2,0
42.28,42.81,41.42,41.01,13.65,28.67,0.86,0
60.6,61.71,58.74,58.16,12.41,25.59,1.86,0
24.24,23.92,23.89,23.65,12.54,50.06,0.36,0
22.08,22.0,23.29,23.06,14.03,27.4,1.21,0
56.61,56.17,106.59,105.53,17.14,159.77,49.99,1
65.23,65.85,65.93,65.27,12.94,48.58,0.69,0
38.38,38.81,36.9,36.53,11.26,45.23,1.47,0
38.15,38.48,36.38,36.02,11.99,39.43,1.77,0
39.63,39.39,40.83,40.42,14.3,58.98,1.2,0
59.85,60.07,60.9,60.29,11.7,58.31,1.05,0
57.45,56.33,102.59,101.57,16.17,123.45,45.14,1
34.78,34.18,34.69,34.34,11.48,43.74,0.1,0
48.81,49.1,50.71,50.2,11.61,25.54,1.9,0
42.81,42.07,41.3,40.89,11.9,35.54,1.51,0
78.24,78.13,79.09,78.3,13.52,31.91,0.85,0
38.67,39.35,39.2,38.8,11.26,27.24,0.53,0
71.2,70.64,71.72,71.0,12.1,39.07,0.52,0
20.11,20.22,21.1,20.89,11.04,54.86,0.99,0
51.83,51.74,51.02,50.51,12.31,45.86,0.8,0
40.66,41.15,40.29,39.89,13.93,46.13,0.38,0
66.44,67.09,65.01,64.36,13.98,57.26,1.44,0
61.74,60.98,62.76,62.13,13.86,24.17,1.02,0
37.82,38.52,36.86,36.49,12.29,59.32,0.96,0
71.41,72.31,73.2,72.46,11.55,21.55,1.79,0
52.28,52.21,53.39,52.86,13.22,35.63,1.11,0
57.91,57.37,56.11,55.55,11.32,40.24,1.8,0
24.01,24.01,24.43,24.18,11.36,29.98,0.42,0
44.04,43.22,45.91,45.45,12.1,29.13,1.88,0
29.04,28.48,29.92,29.62,13.43,54.56,0.88,0
58.92,58.43,58.46,57.87,13.95,33.54,0.47,0
46.82,46.32,47.34,46.87,12.75,49.81,0.52,0
38.32,38.73,36.72,36.35,12.48,33.46,1.6,0
36.09,35.58,35.49,35.14,11.41,29.17,0.6,0
77.82,76.97,76.31,75.55,11.19,24.26,1.51,0
20.6,21.0,18.96,18.77,12.01,23.84,1.64,0
50.69,50.42,49.94,49.44,13.98,44.23,0.75,0
51.85,52.23,86.86,85.99,11.56,181.87,35.02,1
61.6,60.86,59.9,59.3,13.02,40.77,1.7,0
53.79,52.79,52.7,52.18,12.93,42.54,1.09,0
68.21,68.65,67.6,66.92,13.51,29.49,0.61,0
52.48,52.68,51.32,50.8,12.3,42.7,1.17,0
63.7,62.5,128.63,127.34,16.31,131.26,64.92,1
41.06,41.42,39.72,39.32,14.13,56.55,1.34,0
20.04,20.29,20.57,20.37,11.4,47.76,0.54,0
78.15,77.74,79.05,78.26,11.28,30.22,0.91,0
68.08,68.14,69.1,68.41,11.87,41.57,1.02,0
73.75,72.74,72.56,71.84,13.6,32.89,1.18,0
79.42,79.36,81.33,80.52,12.31,46.67,1.91,0
78.74,80.3,80.04,79.24,12.82,51.29,1.3,0
49.07,49.46,48.83,48.34,12.55,42.58,0.24,0
36.62,36.41,35.3,34.95,14.0,57.79,1.32,0
66.91,67.99,67.08,66.41,13.55,56.81,0.17,0
55.0,55.17,55.51,54.95,12.62,30.47,0.5,0
36.66,36.04,35.97,35.61,11.05,44.57,0.69,0
38.49,39.03,37.43,37.06,13.32,30.53,1.06,0
37.13,36.83,36.2,35.84,14.26,34.6,0.92,0
52.33,51.55,50.6,50.09,14.11,59.53,1.73,0
42.32,42.34,41.49,41.08,13.85,42.26,0.83,0
21.69,21.81,20.44,20.24,11.24,27.3,1.25,0
30.31,30.07,31.62,31.3,11.18,56.56,1.31,0
28.12,28.03,29.8,29.5,13.2,51.53,1.68,0
48.16,48.61,47.23,46.76,12.38,35.55,0.93,0
27.7,27.76,67.65,66.98,16.3,50.63,39.95,1
69.06,68.28,70.3,69.6,13.11,45.88,1.24,0
72.01,70.83,70.84,70.13,14.19,53.39,1.18,0
30.14,30.47,31.51,31.19,14.5,59.14,1.37,0
25.42,25.21,26.18,25.92,11.71,50.91,0.76,0
78.15,77.88,76.71,75.95,12.09,34.28,1.44,0
47.33,47.33,48.07,47.59,13.28,34.79,0.74,0
53.26,52.8,52.58,52.06,11.38,43.86,0.68,0
49.81,48.89,49.08,48.59,12.38,42.91,0.72,0
73.18,73.81,100.09,99.09,15.27,88.22,26.91,1
38.3,38.57,37.96,37.58,11.6,56.68,0.34,0
46.52,46.15,47.85,47.37,12.33,55.76,1.33,0
28.51,28.26,29.99,29.69,11.57,52.6,1.48,0
50.69,51.67,51.52,51.0,14.48,47.43,0.83,0
50.43,49.5,52.01,51.49,14.43,25.54,1.58,0
26.2,25.76,27.6,27.33,12.24,26.49,1.4,0
42.05,42.6,40.55,40.14,11.93,20.61,1.5,0
50.22,50.79,48.4,47.92,12.76,40.26,1.81,0
46.5,47.35,44.52,44.08,11.56,49.45,1.98,0
67.67,66.35,68.12,67.44,11.56,41.09,0.45,0
73.18,72.63,74.23,73.49,14.39,43.21,1.06,0
31.5,31.09,32.62,32.3,12.41,50.21,1.13,0
37.48,37.6,36.4,36.03,14.15,44.62,1.09,0
29.51,29.04,29.16,28.87,12.33,20.43,0.34,0
31.66,31.58,30.66,30.35,12.32,36.28,0.99,0
47.6,46.99,48.86,48.38,13.99,39.99,1.26,0
20.08,19.95,21.81,21.59,11.71,56.12,1.73,0
57.63,58.3,57.22,56.65,11.67,22.85,0.41,0
60.12,58.97,61.12,60.51,12.82,57.13,1.0,0
72.38,73.65,70.74,70.03,13.02,25.74,1.64,0
30.99,31.22,29.94,29.64,13.32,48.46,1.05,0
42.07,42.06,40.49,40.09,13.19,49.66,1.58,0
30.52,30.3,31.64,31.32,11.88,38.13,1.12,0
30.97,31.17,32.49,32.17,12.21,47.6,1.52,0
66.91,67.92,65.43,64.78,13.48,38.71,1.48,0
48.69,48.19,48.7,48.22,11.6,56.55,0.02,0
31.61,32.13,32.35,32.03,11.31,52.16,0.74,0
57.75,57.47,58.74,58.15,11.58,37.99,0.99,0
48.81,48.13,49.03,48.54,11.16,37.59,0.22,0
54.8,54.28,56.44,55.88,12.91,59.38,1.64,0
40.0,40.66,38.31,37.93,13.89,51.35,1.69,0
20.6,20.35,18.82,18.63,11.76,47.78,1.78,0
27.71,28.1,29.39,29.1,14.27,53.64,1.69,0
35.55,35.66,36.6,36.24,12.19,30.34,1.05,0
41.16,40.55,40.07,39.67,11.2,25.93,1.09,0
26.89,27.1,59.69,59.09,14.41,84.53,32.8,1
34.97,34.52,75.06,74.31,16.16,184.89,40.09,1
58.01,57.51,56.2,55.63,13.23,40.93,1.82,0
50.03,49.7,50.22,49.72,11.56,56.13,0.19,0
68.67,67.59,69.25,68.56,13.01,50.55,0.58,0
72.8,72.22,72.67,71.95,14.42,47.89,0.12,0
27.2,26.89,26.24,25.98,11.56,49.16,0.97,0
25.85,26.19,24.96,24.71,11.03,29.75,0.89,0
31.38,31.16,30.9,30.59,11.31,31.67,0.48,0
57.33,57.22,57.93,57.35,11.54,34.47,0.6,0
22.37,22.69,23.11,22.88,13.33,42.92,0.74,0
54.6,54.35,55.39,54.84,13.84,22.05,0.79,0
28.61,28.89,26.78,26.51,11.97,50.38,1.83,0
43.66,44.44,45.03,44.58,13.22,26.25,1.36,0
39.95,39.35,40.32,39.92,11.04,54.29,0.37,0
23.67,23.41,22.82,22.59,13.46,33.41,0.85,0
74.6,74.31,75.02,74.27,12.03,47.17,0.42,0
35.71,35.48,37.06,36.69,14.14,40.03,1.34,0
23.0,23.09,21.88,21.66,12.8,41.01,1.13,0
42.9,43.58,43.81,43.38,12.69,28.89,0.91,0
22.57,22.36,22.06,21.84,13.56,36.51,0.51,0
58.3,57.55,56.8,56.24,11.63,53.11,1.5,0
27.6,27.96,27.6,27.32,14.08,30.77,0.01,0
51.83,52.24,50.05,49.55,11.48,47.15,1.79,0
45.95,45.32,115.54,114.39,15.15,28.26,69.59,1
26.38,26.08,27.6,27.32,12.59,58.02,1.22,0
65.8,66.32,66.52,65.86,11.37,59.88,0.72,0
49.63,49.38,49.52,49.03,11.21,35.1,0.1,0
31.75,31.21,31.97,31.65,11.32,34.66,0.22,0
34.53,34.14,33.97,33.63,12.98,34.79,0.55,0
27.61,28.16,27.14,26.87,11.89,40.63,0.47,0
66.62,66.82,66.26,65.6,14.46,52.86,0.36,0
54.03,54.87,54.54,54.0,14.38,53.19,0.51,0
69.08,67.76,70.45,69.75,11.43,22.55,1.37,0
43.42,43.15,44.91,44.46,11.31,34.41,1.49,0
26.52,26.48,26.0,25.74,13.37,25.26,0.52,0
31.37,31.42,31.47,31.16,11.55,34.35,0.11,0
62.14,62.95,62.78,62.15,12.53,20.72,0.64,0
58.37,57.61,57.56,56.99,12.81,49.7,0.8,0
26.36,25.99,25.14,24.89,12.56,50.74,1.22,0
28.99,28.42,29.97,29.67,14.37,44.96,0.99,0
60.41,60.84,59.76,59.16,13.27,23.94,0.64,0
60.81,61.13,134.94,133.59,13.1,88.93,74.13,1
60.97,61.22,62.06,61.44,12.48,51.82,1.09,0
71.97,71.49,70.03,69.33,13.22,43.91,1.94,0
22.46,22.15,21.87,21.65,11.48,59.1,0.59,0
77.89,76.37,76.45,75.69,12.46,38.34,1.44,0
53.1,53.18,51.78,51.26,11.26,23.39,1.32,0
62.36,62.93,63.82,63.19,11.96,25.77,1.46,0
23.75,23.32,22.29,22.07,14.48,54.3,1.46,0
56.99,57.1,57.36,56.78,11.12,33.4,0.36,0
55.87,56.11,55.43,54.88,13.75,52.87,0.44,0
79.27,78.02,77.53,76.76,14.27,35.21,1.74,0
23.89,24.0,25.22,24.96,11.31,56.58,1.33,0
30.51,30.04,30.5,30.2,13.25,55.67,0.01,0
43.15,42.68,44.22,43.78,11.2,49.67,1.07,0
39.17,39.49,37.45,37.08,13.81,40.38,1.72,0
53.83,53.97,52.31,51.78,11.28,54.45,1.52,0
46.94,47.76,47.2,46.73,12.12,55.64,0.26,0
28.04,28.44,26.42,26.16,14.05,21.25,1.62,0
36.0,35.41,37.74,37.36,12.3,42.56,1.74,0
57.66,56.95,116.4,115.24,17.04,92.83,58.74,1
72.78,71.46,74.42,73.68,11.49,38.01,1.64,0
43.36,43.6,41.8,41.38,11.8,31.4,1.56,0
48.72,48.23,49.89,49.39,14.05,26.83,1.17,0
58.49,58.82,59.91,59.31,11.28,48.62,1.42,0
58.38,57.77,60.12,59.51,11.66,46.0,1.73,0
23.01,23.08,22.51,22.28,12.79,35.59,0.5,0
57.44,57.63,56.56,56.0,14.05,51.51,0.88,0
29.74,29.18,31.17,30.86,13.57,43.68,1.43,0
79.5,78.72,78.94,78.15,11.06,23.05,0.56,0
75.73,74.28,77.53,76.75,11.16,41.23,1.79,0
49.56,50.09,49.27,48.78,13.76,49.27,0.29,0
59.95,59.88,59.27,58.68,11.89,29.01,0.68,0
24.48,24.29,23.76,23.52,14.44,43.79,0.73,0
56.21,57.11,57.06,56.49,12.67,28.96,0.85,0
51.01,51.87,80.06,79.26,12.16,68.17,29.04,1
43.7,44.32,44.5,44.06,12.35,40.83,0.8,0
44.73,44.41,42.73,42.3,11.59,44.09,2.0,0
29.02,28.69,71.75,71.03,17.07,219.22,42.73,1
45.29,45.13,103.43,102.4,15.25,43.01,58.15,1
25.33,25.55,25.88,25.62,14.47,47.2,0.55,0
69.46,68.08,70.77,70.06,11.66,25.83,1.31,0
56.28,55.73,57.76,57.18,14.42,35.0,1.48,0
40.2,40.97,40.37,39.96,12.3,43.9,0.17,0
75.08,76.03,75.8,75.04,14.13,23.97,0.72,0
28.61,28.78,29.77,29.47,14.14,35.82,1.16,0
32.3,32.82,31.03,30.72,11.78,52.82,1.27,0
32.78,33.2,32.07,31.75,12.9,59.43,0.71,0
41.53,40.85,40.4,39.99,12.9,55.01,1.13,0
68.54,67.58,67.7,67.03,13.68,39.59,0.84,0
72.35,71.74,70.99,70.28,12.03,20.4,1.36,0
63.41,63.07,62.38,61.75,11.72,46.67,1.03,0
39.5,39.75,40.94,40.53,12.18,59.51,1.44,0
63.71,64.1,63.53,62.89,14.49,57.4,0.18,0
42.2,41.75,42.73,42.3,14.18,27.85,0.53,0
75.08,75.59,73.59,72.86,11.8,58.69,1.49,0
75.55,75.42,73.78,73.04,13.23,26.65,1.78,0
54.5,53.53,53.7,53.16,13.08,35.11,0.8,0
71.44,70.92,72.48,71.76,11.57,34.97,1.04,0
49.53,48.6,48.73,48.24,13.56,29.4,0.81,0
50.92,50.09,49.91,49.41,11.47,31.41,1.01,0
62.48,61.58,63.9,63.26,11.97,36.16,1.43,0
59.9,60.26,60.08,59.47,12.19,32.51,0.18,0
24.63,24.92,22.73,22.5,13.94,37.0,1.9,0
62.31,62.15,61.54,60.92,14.01,32.08,0.77,0
52.98,52.78,52.92,52.39,12.53,54.26,0.06,0
76.9,76.86,78.36,77.58,13.14,45.34,1.46,0
56.11,56.09,56.26,55.7,11.05,40.48,0.16,0
45.22,44.91,94.4,93.46,11.27,201.59,49.19,1
67.71,66.84,67.16,66.48,13.07,31.93,0.55,0
79.06,80.25,78.52,77.73,11.81,59.03,0.55,0
27.45,27.62,26.99,26.72,13.2,48.64,0.47,0
31.9,32.36,33.55,33.21,13.81,59.4,1.65,0
28.3,28.85,27.07,26.8,12.83,23.14,1.24,0
60.83,61.74,62.38,61.76,13.11,20.16,1.56,0
33.22,32.91,31.81,31.49,12.11,23.91,1.42,0
67.05,66.82,65.65,64.99,12.0,47.65,1.41,0
62.1,61.62,62.17,61.55,12.21,28.58,0.07,0
70.24,71.63,71.92,71.21,13.53,50.91,1.68,0
78.54,80.11,78.51,77.72,12.24,41.31,0.03,0
73.98,72.56,74.17,73.43,13.52,44.1,0.2,0
57.7,56.73,59.1,58.51,14.31,34.13,1.4,0
22.99,23.03,23.03,22.8,13.25,45.06,0.04,0
52.67,52.15,54.35,53.81,12.62,20.38,1.68,0
20.48,20.79,22.09,21.87,11.34,33.31,1.6,0
69.99,69.76,71.45,70.73,13.24,42.04,1.46,0
58.48,59.58,58.77,58.18,12.66,59.14,0.28,0
55.01,55.99,54.02,53.48,11.94,59.72,1.0,0
62.58,62.21,64.11,63.46,12.75,23.93,1.52,0
55.76,55.1,55.09,54.54,13.48,24.98,0.67,0
21.27,21.46,22.07,21.85,13.49,47.98,0.8,0
58.21,57.07,57.75,57.17,11.36,53.66,0.46,0
21.11,20.77,21.68,21.46,13.8,21.52,0.56,0
34.16,33.67,35.87,35.51,11.07,47.93,1.71,0
59.81,59.74,59.21,58.62,11.09,50.22,0.6,0
53.33,53.47,54.61,54.07,11.73,34.72,1.28,0
76.23,75.87,78.22,77.44,14.21,38.85,1.99,0
63.26,63.95,63.71,63.07,11.07,20.99,0.45,0
39.77,40.49,38.22,37.84,11.3,27.7,1.55,0
57.86,57.47,59.16,58.57,13.77,28.49,1.31,0
21.88,21.45,20.11,19.91,11.42,40.54,1.77,0
59.18,58.17,60.25,59.64,12.41,33.45,1.07,0
38.2,38.01,38.63,38.25,12.73,47.67,0.44,0
49.02,49.28,49.77,49.27,12.27,47.02,0.75,0
49.43,49.0,50.62,50.12,12.62,46.64,1.19,0
35.38,35.99,33.96,33.62,12.98,38.79,1.42,0
66.32,66.81,65.6,64.94,14.29,20.59,0.72,0
58.41,57.64,60.03,59.43,14.01,34.56,1.62,0
51.22,51.24,49.43,48.93,14.28,27.87,1.8,0
59.77,59.01,60.27,59.67,14.26,35.4,0.5,0
74.14,74.52,75.52,74.77,11.43,40.26,1.38,0
51.85,52.07,53.78,53.24,12.23,45.99,1.93,0
54.02,54.59,52.47,51.95,13.98,30.3,1.55,0
63.03,62.64,64.71,64.06,12.25,50.61,1.67,0
24.36,24.73,23.5,23.26,12.34,59.26,0.86,0
51.1,51.57,49.62,49.12,13.32,29.64,1.48,0
62.13,63.08,62.66,62.03,11.02,29.98,0.53,0
74.57,73.64,73.74,73.0,12.56,40.47,0.83,0
76.22,75.39,75.92,75.16,11.91,35.85,0.3,0
39.63,40.4,38.7,38.32,11.68,39.01,0.92,0
75.01,75.47,73.62,72.88,11.52,53.55,1.39,0
69.78,70.42,71.1,70.39,13.06,28.74,1.33,0
49.14,49.64,50.28,49.78,13.56,36.81,1.14,0
73.25,73.27,75.05,74.3,11.62,59.54,1.8,0
38.35,37.74,36.41,36.05,12.87,58.43,1.94,0
75.97,76.03,74.08,73.34,11.01,28.8,1.89,0
41.01,41.27,39.62,39.22,12.72,32.92,1.39,0
58.51,58.17,57.16,56.58,14.31,57.33,1.36,0
65.39,66.06,66.74,66.07,13.3,50.29,1.35,0
71.81,71.29,101.8,100.79,17.2,158.31,29.99,1
34.93,34.26,36.15,35.78,12.68,30.24,1.21,0
41.14,40.98,41.75,41.33,13.24,24.21,0.62,0
43.76,44.49,45.26,44.81,11.07,46.3,1.5,0
47.86,47.47,46.38,45.91,11.74,46.58,1.49,0
43.08,42.97,42.44,42.01,13.21,23.79,0.64,0
49.27,48.32,49.64,49.15,13.26,40.39,0.37,0
71.81,73.11,71.49,70.77,11.88,32.46,0.32,0
20.8,20.46,19.9,19.7,14.01,43.68,0.9,0
78.14,79.29,77.37,76.6,11.26,29.67,0.77,0
35.24,35.02,36.57,36.21,14.27,35.11,1.34,0
78.89,77.33,77.86,77.09,13.82,34.68,1.03,0
32.35,31.79,30.85,30.54,11.97,32.23,1.49,0
35.57,35.6,34.23,33.89,12.54,56.53,1.34,0
76.7,76.28,76.7,75.93,12.11,24.12,0.0,0
64.43,64.5,63.63,62.99,11.79,48.55,0.8,0
35.09,35.3,35.63,35.27,11.1,33.08,0.54,0
55.19,56.08,54.04,53.5,12.2,25.54,1.14,0
49.09,48.96,50.74,50.24,12.79,35.78,1.65,0
73.73,73.33,75.53,74.78,14.31,42.66,1.8,0
63.84,63.34,65.84,65.18,12.75,32.32,2.0,0
35.03,34.35,34.4,34.06,11.31,48.36,0.63,0
28.76,29.24,30.24,29.94,12.13,59.37,1.48,0
45.72,46.01,46.28,45.81,12.54,47.59,0.55,0
55.68,55.6,57.5,56.92,12.95,32.83,1.81,0
59.45,58.66,60.96,60.35,12.76,40.55,1.51,0
23.9,23.77,25.86,25.6,13.07,53.95,1.96,0
53.42,54.4,54.02,53.48,11.03,23.11,0.6,0
54.35,53.46,110.62,109.52,15.91,141.95,56.27,1
46.78,46.4,76.86,76.09,17.52,35.49,30.08,1
53.16,53.01,53.38,52.84,12.25,46.81,0.22,0
77.76,76.81,78.08,77.3,13.69,47.84,0.32,0
71.8,73.07,72.25,71.53,12.99,38.76,0.45,0
64.59,64.59,64.68,64.03,12.85,20.76,0.09,0
31.43,30.9,29.98,29.68,14.39,35.8,1.45,0
66.81,67.33,65.13,64.48,12.46,22.24,1.68,0
74.0,74.63,72.15,71.43,13.09,44.9,1.85,0
20.61,20.46,20.26,20.05,12.06,40.38,0.35,0
46.38,46.96,46.83,46.36,13.85,47.08,0.45,0
61.23,61.22,60.09,59.49,11.55,22.63,1.14,0
35.59,35.7,36.21,35.85,12.48,51.08,0.62,0
71.64,71.72,127.58,126.31,14.69,75.4,55.94,1
45.68,44.83,44.31,43.87,12.51,35.36,1.37,0
50.78,51.36,48.87,48.38,13.54,38.15,1.91,0
46.64,47.15,97.3,96.33,16.89,31.92,50.66,1
51.78,50.89,50.23,49.72,11.75,25.31,1.55,0
59.16,58.94,60.6,59.99,13.18,58.78,1.44,0
63.72,62.49,61.81,61.19,11.98,36.97,1.91,0
33.54,33.34,34.21,33.87,12.04,29.63,0.67,0
71.75,70.93,71.17,70.46,14.49,24.86,0.57,0
60.47,59.94,124.3,123.06,15.75,146.08,63.83,1
28.91,28.94,29.75,29.45,11.24,41.05,0.84,0
23.06,23.15,21.77,21.55,14.22,29.54,1.3,0
40.68,39.97,39.18,38.79,12.37,20.71,1.5,0
29.44,29.16,31.16,30.85,13.18,56.33,1.72,0
40.76,40.05,39.28,38.88,13.55,24.6,1.48,0
46.25,45.47,44.99,44.54,13.13,26.62,1.26,0
45.68,46.53,46.4,45.94,12.03,26.3,0.72,0
45.39,45.17,46.65,46.19,11.11,35.87,1.27,0
66.63,66.66,67.69,67.02,12.85,34.96,1.06,0
34.92,35.58,36.68,36.31,14.47,33.95,1.76,0
42.98,43.21,41.53,41.12,14.31,39.07,1.45,0
36.19,36.64,35.28,34.93,13.22,25.49,0.91,0
43.96,43.61,117.37,116.2,15.07,160.86,73.41,1
25.68,25.84,25.05,24.8,11.33,24.18,0.64,0
50.03,50.95,50.32,49.82,11.71,43.66,0.29,0
75.39,75.86,75.05,74.3,11.72,52.68,0.34,0
22.98,22.7,22.35,22.13,12.44,47.92,0.63,0
52.07,52.21,53.25,52.72,13.65,28.35,1.18,0
21.68,21.99,20.85,20.65,11.0,32.03,0.83,0
59.66,58.48,61.38,60.77,12.27,56.75,1.73,0
39.8,39.9,66.87,66.2,17.96,114.84,27.07,1
60.69,60.7,59.47,58.88,13.68,29.2,1.22,0
74.93,75.7,76.38,75.62,13.64,29.97,1.45,0
66.18,65.76,65.27,64.62,14.37,44.54,0.91,0
31.22,31.0,32.5,32.18,11.51,44.91,1.28,0
44.59,44.18,44.13,43.68,11.5,29.38,0.47,0
30.61,30.13,32.33,32.01,13.5,29.19,1.73,0
33.75,33.13,34.07,33.73,13.26,42.11,0.32,0
55.75,55.43,54.61,54.07,14.21,23.32,1.14,0
53.48,53.88,53.52,52.98,13.92,32.34,0.04,0
57.28,56.71,56.13,55.56,11.21,53.19,1.15,0
31.7,31.25,33.19,32.86,13.07,38.77,1.49,0
53.75,54.36,52.66,52.13,12.53,20.58,1.09,0
64.46,63.27,64.94,64.29,13.5,56.96,0.49,0
66.03,67.16,65.97,65.31,12.67,43.35,0.06,0
57.66,58.21,55.73,55.17,11.01,32.22,1.93,0
32.06,32.1,33.48,33.15,13.86,34.08,1.42,0
51.78,51.58,50.66,50.15,12.78,56.14,1.12,0
25.14,25.57,26.07,25.81,13.44,20.98,0.93,0
60.83,59.65,60.44,59.84,13.16,38.47,0.39,0
31.02,31.42,32.63,32.31,12.68,32.09,1.61,0
58.86,58.57,59.98,59.38,14.32,21.73,1.12,0
24.52,24.95,26.38,26.12,11.09,27.33,1.86,0
63.18,62.57,63.48,62.85,11.67,40.24,0.3,0
52.8,52.34,53.17,52.63,13.48,34.67,0.36,0
39.83,40.31,39.96,39.56,14.1,54.0,0.13,0
53.07,52.05,53.94,53.4,13.64,24.37,0.87,0
33.73,33.31,33.65,33.31,12.93,44.59,0.08,0
79.04,78.43,78.21,77.43,12.92,51.94,0.82,0
26.34,25.82,80.61,79.81,17.75,117.79,54.27,1
76.26,77.56,75.62,74.86,11.53,29.46,0.64,0
42.67,42.71,44.14,43.7,11.95,27.5,1.47,0
25.68,25.68,24.69,24.44,11.38,50.3,0.99,0
72.16,72.27,73.58,72.84,11.47,46.41,1.42,0
45.22,45.86,44.09,43.65,12.86,40.18,1.12,0
54.82,54.9,52.87,52.34,12.45,35.82,1.96,0
27.4,27.36,25.92,25.66,12.48,45.31,1.48,0
21.78,22.11,21.87,21.65,13.4,20.94,0.09,0
45.43,46.13,46.39,45.92,13.56,30.61,0.96,0
28.32,27.85,29.33,29.04,12.21,45.58,1.01,0
71.59,70.52,71.94,71.22,13.44,25.14,0.35,0
50.62,50.29,85.88,85.02,15.54,150.4,35.26,1
32.16,32.09,32.14,31.81,11.82,34.64,0.02,0
74.89,75.25,74.24,73.5,13.03,41.45,0.65,0
66.93,66.79,121.41,120.19,12.59,95.47,54.48,1
27.82,27.57,27.29,27.02,12.9,48.88,0.53,0
52.45,53.36,52.36,51.84,14.13,42.05,0.09,0
28.0,27.88,27.07,26.8,11.16,37.96,0.92,0
49.75,50.24,50.83,50.32,12.61,22.32,1.08,0
40.27,40.11,40.69,40.28,13.26,39.5,0.42,0
45.38,46.19,43.68,43.24,12.77,21.62,1.7,0
73.34,74.06,74.89,74.14,13.35,46.69,1.54,0
44.45,44.93,109.53,108.43,15.41,144.14,65.08,1
31.37,31.83,31.52,31.21,12.98,35.75,0.16,0
39.02,39.14,40.21,39.81,11.75,22.27,1.19,0
47.33,47.35,48.44,47.96,13.01,37.07,1.11,0
38.06,38.6,105.46,104.4,17.62,81.54,67.4,1
52.78,52.11,54.1,53.56,12.56,35.98,1.32,0
34.18,34.67,34.38,34.04,12.93,37.5,0.2,0
32.41,32.17,30.91,30.6,11.66,28.33,1.5,0
42.92,43.34,43.98,43.54,11.81,26.13,1.06,0
46.02,45.82,105.32,104.26,13.55,61.76,59.3,1
67.91,69.16,66.53,65.86,13.93,55.48,1.38,0
39.39,39.86,39.29,38.9,13.04,21.97,0.1,0
74.34,75.18,122.78,121.55,14.61,144.55,48.44,1
65.4,65.96,67.04,66.37,12.72,55.52,1.64,0
62.51,61.49,62.22,61.6,11.64,43.63,0.29,0
58.07,57.24,59.91,59.31,12.04,20.76,1.84,0
38.79,38.07,38.99,38.6,12.8,33.34,0.2,0
71.43,70.15,72.25,71.53,13.17,49.98,0.82,0
35.65,35.41,35.38,35.03,11.58,45.23,0.27,0
23.87,24.21,25.0,24.75,11.38,31.58,1.13,0
30.09,30.11,30.96,30.65,13.46,42.33,0.87,0
67.6,66.77,68.59,67.9,11.93,43.02,0.99,0
26.44,26.23,26.54,26.27,11.33,42.8,0.1,0
44.08,44.29,42.19,41.77,14.17,44.35,1.88,0
59.08,60.23,59.04,58.45,12.27,44.61,0.04,0
31.22,30.84,29.79,29.5,13.84,57.65,1.43,0
78.49,79.38,76.9,76.13,12.32,22.5,1.59,0
54.98,54.83,53.92,53.38,12.61,35.89,1.06,0
46.9,46.75,45.76,45.3,13.46,56.9,1.14,0
40.97,40.42,40.66,40.25,13.89,59.39,0.31,0
23.57,23.44,22.27,22.04,12.93,31.23,1.31,0
70.7,70.2,70.3,69.6,14.04,34.54,0.4,0
64.78,64.12,63.11,62.48,13.26,56.75,1.66,0
40.93,40.57,40.67,40.26,14.46,24.6,0.26,0
32.13,32.52,31.55,31.24,12.05,32.57,0.57,0
35.02,35.24,34.75,34.4,12.98,49.56,0.27,0
44.89,45.01,44.65,44.2,13.37,53.96,0.24,0
41.99,42.2,43.76,43.32,13.36,29.89,1.77,0
68.48,69.71,69.39,68.69,11.83,31.99,0.91,0
61.83,62.84,63.11,62.48,12.41,20.22,1.29,0
33.18,32.74,32.86,32.53,13.05,30.1,0.32,0
56.67,56.52,56.58,56.01,12.38,38.72,0.09,0
68.61,68.02,66.81,66.14,11.93,34.39,1.8,0
60.79,61.12,61.48,60.87,13.32,36.55,0.69,0
76.18,76.9,77.51,76.74,13.96,45.24,1.33,0
75.69,75.98,124.09,122.85,13.75,96.89,48.41,1
77.19,77.69,75.68,74.93,13.31,45.44,1.51,0
55.83,55.77,57.05,56.48,13.4,34.04,1.22,0
63.52,63.54,61.77,61.15,12.36,34.51,1.76,0
39.35,39.02,38.09,37.71,11.38,31.46,1.26,0
66.63,67.77,66.53,65.87,13.42,42.25,0.1,0
76.13,76.98,76.32,75.55,11.62,57.96,0.19,0
64.0,65.16,65.94,65.28,13.23,33.59,1.94,0
50.53,50.77,50.0,49.5,11.22,52.69,0.54,0
45.45,45.04,45.17,44.72,11.4,29.55,0.28,0
75.67,75.47,76.25,75.49,11.2,52.8,0.59,0
45.5,45.07,44.51,44.07,11.47,31.5,0.98,0
60.43,61.27,60.04,59.44,13.28,30.26,0.4,0
44.51,43.96,42.59,42.17,11.11,24.12,1.92,0
53.55,53.83,52.54,52.01,13.65,32.24,1.02,0
32.6,32.39,33.23,32.9,13.06,22.47,0.63,0
67.2,68.36,66.95,66.28,11.84,43.94,0.25,0
53.26,53.03,55.17,54.62,12.54,43.65,1.91,0
71.67,71.13,71.84,71.12,13.77,51.81,0.17,0
58.99,59.78,59.17,58.58,13.97,59.41,0.18,0
55.83,56.48,56.77,56.21,11.94,45.36,0.95,0
34.8,34.29,34.68,34.33,11.52,21.33,0.13,0
49.65,50.2,50.47,49.96,14.35,47.57,0.82,0
48.24,48.48,49.92,49.43,13.93,50.89,1.68,0
55.42,54.56,53.88,53.34,11.88,54.76,1.54,0
32.86,33.33,32.66,32.34,11.73,52.3,0.2,0
22.29,22.13,23.42,23.19,13.52,30.09,1.13,0
67.08,67.29,65.35,64.7,11.82,39.43,1.73,0
37.22,36.71,35.74,35.39,12.04,42.73,1.48,0
22.83,22.69,23.27,23.04,12.41,23.32,0.44,0
61.05,62.21,62.62,61.99,11.05,59.16,1.57,0
28.57,29.11,27.88,27.6,14.28,20.91,0.68,0
32.34,32.74,32.43,32.11,14.45,51.57,0.09,0
71.73,71.55,71.88,71.16,11.77,34.03,0.15,0
33.71,33.29,35.61,35.25,13.33,40.41,1.89,0
31.43,32.06,88.0,87.12,16.72,102.14,56.57,1
64.9,64.19,65.9,65.24,12.63,29.24,1.0,0
48.53,49.06,48.68,48.19,11.59,46.72,0.14,0
55.46,55.32,57.17,56.6,13.08,40.05,1.72,0
35.5,35.41,33.58,33.24,12.83,21.52,1.93,0
58.89,58.9,57.71,57.13,12.45,33.52,1.18,0
58.51,59.08,58.95,58.37,11.35,48.94,0.45,0
51.11,50.84,50.07,49.56,11.77,46.31,1.04,0
48.66,48.28,48.23,47.74,11.22,26.85,0.43,0
21.07,20.83,20.23,20.02,11.36,47.53,0.85,0
72.41,72.52,72.72,72.0,13.03,53.78,0.32,0
70.19,70.7,71.54,70.82,11.77,46.57,1.34,0
35.26,35.01,33.93,33.59,14.16,36.67,1.33,0
41.98,42.47,43.25,42.82,11.56,37.3,1.27,0
38.46,37.7,39.98,39.58,12.28,48.58,1.52,0
37.7,37.94,36.15,35.79,12.57,47.12,1.55,0
77.76,78.07,76.67,75.9,13.74,51.21,1.09,0
47.57,48.12,77.9,77.12,17.63,42.34,30.33,1
74.5,75.74,75.5,74.74,14.32,25.16,0.99,0
60.19,59.18,58.95,58.36,11.07,20.58,1.24,0
77.81,78.13,79.52,78.72,11.97,27.8,1.71,0
41.3,41.31,42.83,42.4,12.85,45.54,1.53,0
40.41,40.47,40.22,39.82,11.37,52.86,0.18,0
21.22,21.51,23.17,22.93,11.26,24.89,1.94,0
41.72,41.1,43.71,43.28,11.72,52.4,2.0,0
45.81,46.26,47.21,46.74,14.48,35.54,1.4,0
42.84,42.54,41.55,41.13,13.39,52.36,1.29,0
30.3,30.12,30.68,30.37,11.35,38.78,0.37,0
74.76,75.33,73.53,72.8,13.0,44.49,1.22,0
71.19,71.69,72.93,72.2,12.94,43.38,1.74,0
21.92,22.02,22.25,22.03,13.22,54.18,0.32,0
25.73,25.83,25.63,25.37,14.09,21.66,0.1,0
57.86,57.96,56.02,55.46,11.07,59.81,1.84,0
46.25,46.17,47.0,46.53,12.64,44.64,0.75,0
56.71,56.51,58.55,57.96,13.58,29.32,1.83,0
61.24,61.55,62.82,62.19,12.79,54.86,1.58,0
23.14,23.08,22.03,21.8,12.46,44.08,1.11,0
44.73,45.35,43.19,42.75,11.09,55.06,1.54,0
68.08,67.12,66.96,66.29,12.06,45.34,1.12,0
73.19,72.81,74.02,73.28,14.4,39.25,0.83,0
77.62,77.53,146.2,144.74,11.89,84.56,68.58,1
43.32,43.13,44.74,44.29,13.84,36.21,1.42,0
64.69,64.61,64.06,63.41,12.91,21.54,0.64,0
50.36,49.95,50.28,49.77,12.09,41.8,0.08,0
57.61,58.24,55.75,55.19,14.31,23.4,1.86,0
34.39,34.82,32.47,32.15,13.21,26.32,1.92,0
21.19,21.26,23.09,22.86,13.42,47.43,1.91,0
29.45,29.25,31.02,30.71,13.66,25.53,1.58,0
40.46,40.2,41.98,41.56,12.32,51.18,1.52,0
48.36,48.7,49.53,49.04,12.68,28.75,1.17,0
62.96,63.2,63.84,63.2,11.23,47.16,0.89,0
59.12,59.92,60.98,60.37,11.96,20.41,1.86,0
52.52,52.75,54.44,53.9,11.29,47.46,1.92,0
57.45,57.98,57.06,56.49,13.03,42.92,0.39,0
75.58,75.0,77.21,76.44,12.43,38.38,1.63,0
28.14,28.3,89.62,88.73,12.48,103.48,61.49,1
55.0,54.19,53.57,53.03,11.74,30.25,1.43,0
60.06,60.4,61.17,60.55,12.02,44.06,1.11,0
36.87,36.63,36.59,36.22,11.33,30.85,0.28,0
62.42,63.5,63.17,62.53,11.85,26.17,0.75,0
76.32,76.37,75.63,74.87,11.6,39.82,0.69,0
45.12,44.74,46.6,46.13,13.61,27.46,1.48,0
25.41,24.92,23.6,23.36,13.95,24.62,1.82,0
56.61,56.09,56.26,55.69,13.33,25.67,0.35,0
50.68,50.89,51.38,50.86,12.64,47.79,0.7,0
50.77,50.2,51.09,50.58,11.13,53.77,0.33,0
28.97,29.09,27.39,27.12,11.14,29.0,1.57,0
23.72,23.26,88.33,87.45,15.96,114.41,64.61,1
77.86,78.23,79.71,78.91,13.78,21.84,1.85,0
41.21,40.51,41.15,40.74,11.04,51.67,0.06,0
42.38,42.26,42.39,41.97,11.78,35.28,0.02,0
24.88,24.45,25.19,24.94,12.33,58.92,0.31,0
63.79,63.78,63.49,62.86,12.95,24.24,0.29,0
57.22,56.23,58.19,57.61,11.28,42.88,0.97,0
57.91,58.58,58.24,57.66,13.87,41.79,0.33,0
32.43,31.98,31.92,31.6,13.26,27.38,0.51,0
71.43,72.25,72.72,71.99,12.71,21.14,1.29,0
75.95,74.8,74.91,74.16,12.6,31.6,1.04,0
56.85,56.84,57.16,56.58,13.35,43.06,0.3,0
35.87,35.97,35.38,35.03,13.16,47.15,0.49,0
50.78,50.22,51.97,51.45,11.7,27.01,1.19,0
58.01,58.27,59.83,59.23,13.92,58.56,1.82,0
22.2,22.42,22.39,22.17,13.87,29.21,0.19,0
60.64,61.58,62.48,61.86,14.35,56.66,1.84,0
71.38,72.43,73.08,72.35,12.15,32.23,1.7,0
38.75,39.19,39.78,39.38,12.71,56.24,1.03,0
39.11,39.56,38.65,38.27,14.2,24.71,0.46,0
75.54,74.75,75.94,75.18,13.1,22.9,0.4,0
35.38,34.96,36.31,35.95,12.58,49.83,0.93,0
44.61,45.18,42.7,42.27,11.73,27.6,1.91,0
77.86,77.37,78.28,77.49,11.37,45.22,0.41,0
37.14,37.05,36.02,35.66,12.49,58.91,1.13,0
29.32,28.94,30.07,29.77,14.02,25.21,0.75,0
66.79,66.35,65.64,64.98,13.98,23.76,1.15,0
30.68,31.2,30.83,30.52,13.88,57.95,0.14,0
61.07,60.5,62.48,61.85,13.97,29.64,1.41,0
58.93,59.02,59.3,58.7,11.2,21.62,0.36,0
75.85,74.82,75.06,74.31,13.68,55.7,0.79,0
32.44,32.38,33.65,33.31,13.78,27.3,1.21,0
56.81,56.1,57.27,56.69,13.21,28.38,0.46,0
30.88,30.39,30.39,30.08,11.44,53.89,0.5,0
50.94,50.42,52.33,51.8,13.52,38.16,1.38,0
47.89,47.58,48.96,48.47,12.32,43.87,1.07,0
40.22,40.12,40.83,40.43,11.72,29.06,0.61,0
36.45,36.37,35.16,34.81,13.98,23.09,1.29,0
60.74,59.93,58.86,58.28,11.13,30.54,1.87,0
71.11,70.25,71.13,70.42,13.52,42.95,0.03,0
41.06,40.74,42.86,42.43,13.43,51.63,1.8,0
41.12,41.44,42.71,42.29,12.04,22.48,1.59,0
44.37,45.14,43.75,43.31,11.32,56.13,0.62,0
63.68,64.11,65.61,64.95,12.44,22.69,1.93,0
64.21,64.95,65.21,64.56,12.52,27.38,1.0,0
79.81,79.04,81.39,80.58,11.64,31.15,1.58,0
21.73,22.03,22.03,21.81,12.98,44.94,0.3,0
42.95,42.47,41.63,41.21,13.3,21.27,1.32,0
69.94,69.81,68.89,68.21,13.81,58.65,1.05,0
21.12,21.38,20.96,20.75,13.04,34.38,0.16,0
56.0,56.92,56.22,55.65,12.11,23.45,0.22,0
73.61,74.87,73.04,72.31,12.84,49.61,0.57,0
65.15,64.09,63.46,62.83,13.43,20.89,1.69,0
63.3,64.38,62.96,62.33,11.22,44.16,0.34,0
33.13,33.23,81.01,80.2,14.19,56.6,47.87,1
33.99,33.39,34.62,34.27,13.71,59.08,0.63,0
43.63,42.92,45.53,45.08,11.52,26.45,1.91,0
51.28,51.61,49.49,48.99,11.78,37.95,1.79,0
76.77,78.21,77.62,76.84,13.9,29.97,0.85,0
72.81,72.91,72.97,72.24,12.76,36.87,0.16,0
34.47,34.6,33.09,32.76,14.08,55.09,1.38,0
45.75,45.17,46.46,45.99,12.7,57.76,0.71,0
21.79,21.35,22.52,22.3,12.34,23.96,0.73,0
71.4,71.42,69.78,69.09,11.53,36.29,1.61,0
67.79,68.76,68.39,67.7,12.76,49.46,0.6,0
63.47,62.3,64.79,64.14,11.86,31.35,1.32,0
29.45,29.91,28.19,27.91,13.54,38.19,1.25,0
78.69,77.13,77.99,77.21,11.22,47.08,0.69,0
47.35,47.79,48.24,47.75,11.22,25.24,0.88,0
24.61,24.32,24.63,24.39,11.37,59.21,0.03,0
65.69,65.67,65.87,65.21,11.27,49.24,0.18,0
76.66,75.74,77.05,76.28,14.02,58.41,0.39,0
60.33,60.36,60.01,59.41,11.16,38.71,0.32,0
59.47,60.59,60.29,59.68,12.44,55.24,0.81,0
77.76,76.65,78.28,77.5,12.15,38.04,0.51,0
46.36,45.97,47.01,46.54,14.4,59.33,0.65,0
54.62,54.7,52.76,52.23,12.52,55.79,1.86,0
57.46,57.83,58.76,58.17,11.68,37.86,1.3,0
69.55,68.3,68.13,67.44,11.97,58.5,1.42,0
45.16,45.02,44.93,44.49,11.46,22.15,0.22,0
21.29,21.58,20.99,20.78,12.14,39.6,0.3,0
62.19,63.0,60.76,60.15,14.41,43.06,1.43,0
46.34,46.89,46.05,45.59,11.8,23.23,0.28,0
43.95,43.21,44.71,44.26,11.84,45.92,0.76,0
68.47,68.41,68.6,67.91,12.31,26.25,0.13,0
66.32,66.63,102.45,101.42,15.81,217.38,36.12,1
39.27,39.94,38.11,37.73,11.71,27.19,1.16,0
60.64,61.61,59.93,59.33,12.51,59.65,0.7,0
23.22,23.1,23.17,22.94,11.06,47.66,0.05,0
53.04,53.54,53.81,53.27,11.73,49.97,0.77,0
41.81,42.18,41.1,40.69,11.64,21.64,0.71,0
74.88,75.52,74.59,73.85,13.46,29.11,0.29,0
49.14,49.2,50.01,49.51,11.13,24.9,0.87,0
50.24,50.08,51.06,50.55,13.97,49.87,0.82,0
77.84,79.21,79.15,78.36,13.5,34.86,1.31,0
32.58,33.04,31.11,30.8,13.3,54.57,1.47,0
69.66,70.83,68.13,67.45,12.46,38.99,1.53,0
68.38,69.61,66.57,65.9,12.87,52.61,1.81,0
49.63,49.34,51.16,50.65,11.32,36.73,1.54,0
29.04,29.18,29.61,29.31,12.91,47.64,0.56,0
69.12,69.77,70.3,69.6,11.75,59.27,1.18,0
39.73,40.33,38.45,38.07,12.64,56.73,1.28,0
65.58,64.84,66.97,66.3,14.28,23.15,1.39,0
24.85,25.32,24.15,23.91,11.88,58.69,0.7,0
75.95,74.51,107.24,106.17,12.04,203.68,31.29,1
39.39,40.05,40.26,39.86,11.21,33.17,0.87,0
77.0,77.4,77.84,77.06,13.06,47.14,0.85,0
38.87,39.52,38.65,38.26,14.43,28.58,0.23,0
78.45,78.25,80.02,79.22,12.75,45.98,1.57,0
64.78,65.26,65.08,64.43,13.86,56.24,0.3,0
63.6,62.8,64.78,64.13,13.36,37.09,1.18,0
40.24,40.14,41.15,40.74,13.01,49.59,0.92,0
28.17,28.15,28.69,28.4,13.47,55.02,0.52,0
64.52,64.35,63.81,63.17,11.16,54.62,0.71,0
56.67,57.27,118.96,117.77,11.18,94.92,62.29,1
53.11,53.29,52.13,51.61,12.39,54.2,0.98,0
45.68,45.95,46.55,46.09,13.52,37.1,0.88,0
61.6,62.29,62.11,61.49,12.37,38.97,0.51,0
28.31,28.83,29.06,28.77,11.57,29.27,0.75,0
37.31,37.95,64.23,63.59,12.48,110.63,26.92,1
39.0,39.75,37.58,37.2,11.31,20.98,1.42,0
73.18,73.99,74.44,73.69,13.55,43.37,1.26,0
55.65,55.76,55.18,54.63,13.26,59.27,0.47,0
77.51,76.1,78.31,77.52,12.77,23.08,0.79,0
68.55,68.04,70.43,69.72,13.19,54.19,1.87,0
73.66,72.31,74.7,73.96,12.06,37.85,1.04,0
57.72,57.55,59.68,59.08,12.45,24.2,1.96,0
55.5,55.51,55.64,55.08,14.27,21.16,0.14,0
70.81,69.76,69.31,68.62,13.56,57.91,1.5,0
55.07,54.64,53.18,52.65,12.58,48.69,1.89,0
25.68,25.37,25.29,25.04,11.4,25.09,0.39,0
69.98,70.79,70.27,69.57,11.22,25.62,0.29,0
74.84,74.03,73.26,72.52,11.95,27.92,1.58,0
77.48,77.23,77.1,76.32,13.18,32.33,0.39,0
59.83,60.79,60.36,59.75,11.62,35.0,0.52,0
26.58,26.68,28.0,27.72,13.14,50.97,1.42,0
49.78,50.75,51.78,51.26,12.73,33.14,2.0,0
44.49,44.56,45.26,44.81,11.0,50.7,0.77,0
57.77,56.99,58.25,57.67,12.75,33.89,0.48,0
28.46,28.9,27.28,27.01,12.04,53.09,1.18,0
61.63,62.57,62.91,62.28,11.11,47.04,1.27,0
76.85,76.28,75.66,74.91,14.41,54.71,1.18,0
33.67,33.28,31.95,31.63,12.72,38.8,1.73,0
53.66,53.86,51.72,51.2,12.02,54.83,1.94,0
56.7,56.78,55.32,54.77,13.67,30.83,1.37,0
23.26,23.32,22.21,21.99,11.59,25.94,1.04,0
65.94,66.33,65.06,64.4,12.26,37.34,0.89,0
64.28,65.34,62.66,62.04,11.79,42.86,1.61,0
25.71,25.84,26.02,25.76,13.73,36.09,0.32,0
46.72,47.32,46.82,46.36,13.8,31.17,0.1,0
66.3,65.65,66.97,66.3,12.46,56.27,0.67,0
25.03,25.32,24.28,24.04,13.88,21.29,0.75,0
47.43,48.33,48.7,48.21,12.5,54.91,1.27,0
52.67,53.69,54.15,53.61,14.01,36.19,1.49,0
31.85,31.96,30.02,29.72,14.34,42.14,1.82,0
53.56,52.74,117.55,116.38,14.0,53.72,63.99,1
60.81,61.14,61.0,60.39,11.49,22.62,0.19,0
56.17,56.59,56.78,56.21,13.71,59.47,0.61,0
30.4,30.28,29.17,28.88,13.46,57.48,1.23,0
39.04,38.79,39.76,39.36,12.8,30.68,0.72,0
65.43,65.12,66.44,65.77,11.05,38.32,1.01,0
51.46,50.63,51.13,50.61,12.6,25.78,0.33,0
27.39,26.89,28.51,28.23,12.98,56.04,1.12,0
67.9,67.6,67.59,66.91,13.9,22.48,0.31,0
73.65,74.04,73.59,72.86,12.89,27.29,0.06,0
67.54,66.53,67.57,66.89,12.9,28.18,0.03,0
26.08,26.46,25.0,24.75,11.74,26.97,1.08,0
52.27,51.26,53.51,52.98,14.09,34.82,1.24,0
79.54,79.61,79.17,78.38,12.9,52.31,0.37,0
75.01,76.07,76.15,75.39,13.32,21.81,1.14,0
21.51,21.22,88.03,87.15,15.38,181.7,66.52,1
52.67,53.37,50.74,50.24,11.92,20.23,1.93,0
67.48,68.09,66.57,65.91,11.35,22.7,0.91,0
23.42,23.24,22.86,22.63,11.24,28.18,0.56,0
53.51,52.55,53.26,52.73,14.39,25.14,0.25,0
62.73,62.4,61.17,60.55,11.76,48.69,1.56,0
37.09,36.44,37.93,37.55,14.03,48.8,0.84,0
66.89,66.31,66.18,65.52,14.47,24.87,0.71,0
31.37,30.78,31.34,31.02,13.4,23.1,0.03,0
33.6,33.33,33.74,33.4,14.42,53.35,0.14,0
64.07,64.08,65.37,64.72,12.07,27.08,1.3,0
46.33,45.52,44.57,44.12,12.32,38.98,1.77,0
32.98,33.48,32.45,32.12,13.53,35.18,0.53,0
62.23,61.83,63.81,63.17,11.39,41.35,1.57,0
58.55,58.32,58.21,57.62,13.86,49.04,0.34,0
24.69,24.87,26.6,26.34,13.82,25.94,1.91,0
77.65,76.23,79.01,78.22,12.01,35.11,1.36,0
30.32,29.76,28.43,28.15,12.29,50.36,1.89,0
51.55,50.92,53.5,52.96,12.81,48.1,1.95,0
56.31,55.38,58.21,57.63,14.2,36.01,1.9,0
23.46,23.57,22.54,22.32,12.83,30.88,0.92,0
70.4,70.58,69.67,68.97,12.66,20.39,0.73,0
51.04,51.46,50.25,49.75,11.71,29.82,0.8,0
50.19,50.1,51.99,51.47,12.51,38.0,1.81,0
63.03,63.87,61.19,60.58,13.85,39.58,1.84,0
46.15,46.13,47.38,46.9,13.03,44.06,1.23,0
23.41,23.29,22.56,22.34,11.39,41.55,0.84,0
69.75,69.84,68.1,67.41,11.76,42.6,1.66,0
79.12,78.13,80.01,79.21,13.88,42.23,0.89,0
26.55,26.45,25.84,25.58,13.66,39.15,0.71,0
78.42,77.66,78.57,77.79,12.32,23.54,0.15,0
44.23,44.32,42.73,42.3,14.28,38.3,1.5,0
76.51,76.91,76.82,76.05,14.04,20.32,0.31,0
67.35,67.61,68.71,68.03,14.34,21.72,1.36,0
67.4,66.2,104.99,103.94,14.4,81.21,37.59,1
25.43,25.75,26.78,26.51,12.64,58.58,1.35,0
63.08,62.41,61.15,60.54,13.52,20.87,1.93,0
45.27,45.53,43.92,43.48,14.0,56.32,1.35,0
55.6,54.61,57.54,56.96,13.11,40.66,1.94,0
23.42,23.17,22.38,22.16,11.15,52.52,1.03,0
63.82,64.86,65.54,64.88,13.86,46.15,1.72,0
61.14,61.91,59.22,58.63,13.45,55.05,1.93,0
24.23,24.3,25.06,24.81,13.91,59.07,0.83,0
61.97,61.22,61.35,60.74,12.61,43.26,0.62,0
67.01,67.24,67.18,66.51,12.31,34.02,0.17,0
60.22,60.47,59.22,58.62,11.81,38.73,1.01,0
74.3,72.92,75.73,74.97,12.71,38.19,1.43,0
74.33,75.48,75.12,74.37,11.25,36.76,0.79,0
31.19,31.38,31.16,30.84,12.79,27.08,0.03,0
53.24,54.08,51.96,51.44,12.79,20.13,1.28,0
66.77,65.75,64.87,64.22,13.73,53.84,1.9,0
63.57,64.34,62.33,61.71,12.75,20.11,1.23,0
55.39,55.14,55.38,54.83,13.3,34.94,0.01,0
37.1,36.88,36.79,36.42,13.09,22.07,0.31,0
63.36,62.68,64.52,63.88,13.18,54.13,1.16,0
20.25,20.33,18.91,18.72,12.25,30.89,1.34,0
26.4,26.14,26.93,26.66,13.51,57.26,0.53,0
22.8,23.15,23.39,23.15,13.4,25.16,0.59,0
39.01,38.4,37.17,36.79,11.54,47.38,1.84,0
30.25,29.93,29.23,28.94,12.61,55.01,1.02,0
58.66,58.5,58.5,57.92,13.72,29.2,0.16,0
65.19,66.42,66.87,66.21,12.8,47.79,1.68,0
71.53,71.76,71.77,71.05,11.01,52.62,0.24,0
44.77,43.96,43.79,43.36,11.23,51.98,0.98,0
62.9,62.73,62.11,61.48,12.73,24.65,0.79,0
41.46,41.56,39.53,39.13,11.47,21.26,1.93,0
70.83,69.95,69.84,69.14,12.25,38.04,0.99,0
44.67,44.14,46.4,45.94,11.12,35.59,1.73,0
65.92,66.96,65.96,65.3,11.05,31.15,0.04,0
53.64,52.98,52.54,52.02,12.96,53.97,1.1,0
25.55,25.16,24.67,24.42,13.01,30.24,0.88,0
40.55,40.0,41.69,41.28,13.97,59.31,1.14,0
22.71,23.14,22.75,22.52,13.29,56.1,0.04,0
48.6,49.13,47.04,46.57,14.32,54.36,1.56,0
46.63,47.27,47.3,46.83,11.11,35.48,0.68,0
20.64,20.76,21.98,21.76,11.28,20.63,1.33,0
65.01,64.65,64.58,63.94,12.41,29.62,0.43,0
75.44,74.3,75.04,74.29,12.37,49.64,0.4,0
32.88,32.89,32.25,31.92,13.06,59.72,0.63,0
79.04,77.77,80.93,80.12,13.74,44.2,1.9,0
20.89,20.66,20.47,20.27,12.69,36.55,0.42,0
43.77,44.38,45.35,44.9,12.36,53.77,1.58,0
76.78,77.24,78.18,77.4,12.67,25.84,1.41,0
43.55,43.14,44.57,44.12,11.08,47.31,1.02,0
37.28,37.7,37.52,37.14,12.44,35.76,0.24,0
27.61,27.88,25.7,25.44,13.99,57.19,1.91,0
43.48,42.98,45.4,44.95,13.79,30.72,1.93,0
57.45,56.35,58.91,58.32,13.61,23.66,1.46,0
59.19,59.18,59.99,59.39,11.74,37.21,0.79,0
74.24,73.46,74.78,74.03,11.49,48.02,0.54,0
45.76,45.07,44.09,43.65,13.98,38.25,1.67,0
38.22,38.25,36.87,36.5,11.56,28.97,1.36,0
28.24,28.12,29.44,29.15,12.93,50.02,1.2,0
25.31,24.97,25.35,25.1,13.13,38.0,0.04,0
40.7,40.83,68.73,68.04,13.11,142.37,28.03,1
24.26,24.6,23.77,23.53,13.89,41.98,0.49,0
48.62,47.96,50.11,49.61,11.47,29.39,1.49,0
26.53,26.87,26.29,26.03,12.92,25.54,0.23,0
58.22,58.07,57.7,57.13,13.35,41.47,0.52,0
29.93,30.35,29.57,29.27,12.71,47.28,0.37,0
55.97,55.02,54.94,54.39,12.24,56.53,1.04,0
35.05,35.04,36.08,35.72,13.13,20.7,1.03,0
34.27,34.78,34.35,34.0,12.08,20.93,0.07,0
65.06,65.59,63.15,62.52,12.75,22.76,1.91,0
31.17,30.63,32.08,31.76,12.88,35.55,0.92,0
67.45,67.76,67.72,67.04,11.83,32.91,0.27,0
26.94,26.85,26.43,26.16,11.85,32.07,0.51,0
24.84,25.17,23.32,23.08,14.41,37.55,1.53,0
51.12,50.7,50.99,50.48,12.01,24.89,0.13,0
63.77,63.02,64.22,63.57,14.1,39.46,0.44,0
42.1,42.61,41.58,41.16,11.39,48.62,0.52,0
34.59,35.27,34.3,33.95,11.7,58.68,0.29,0
20.05,19.85,21.42,21.21,11.49,21.64,1.38,0
35.26,34.98,36.01,35.65,13.97,25.3,0.75,0
55.38,56.44,53.99,53.45,14.17,30.97,1.39,0
35.29,34.67,33.62,33.29,13.35,30.32,1.67,0
55.02,54.64,55.34,54.79,12.55,42.95,0.32,0
33.02,32.37,33.15,32.82,11.96,32.26,0.13,0
28.72,28.33,29.01,28.72,12.35,51.39,0.29,0
55.04,54.43,54.57,54.03,14.14,56.66,0.47,0
56.78,56.02,56.78,56.21,14.4,25.25,0.0,0
58.6,58.91,60.46,59.85,12.7,38.06,1.86,0
24.78,24.4,24.23,23.98,11.29,22.31,0.55,0
31.32,30.86,31.7,31.38,11.67,20.01,0.38,0
26.94,27.15,25.06,24.81,12.03,22.58,1.87,0
42.02,41.97,41.37,40.96,11.93,53.29,0.65,0
20.46,20.06,20.02,19.81,12.09,27.04,0.45,0
27.34,26.99,26.24,25.97,12.82,42.93,1.1,0
63.1,61.93,62.69,62.06,12.58,45.75,0.41,0
30.91,30.57,31.01,30.7,11.78,28.55,0.1,0
66.07,66.45,64.2,63.55,13.19,57.77,1.87,0
53.9,54.26,55.42,54.87,13.33,24.69,1.52,0
73.4,73.45,72.41,71.69,14.49,51.38,0.99,0
42.04,41.47,43.3,42.86,13.15,49.73,1.26,0
66.66,65.36,67.23,66.56,13.51,56.51,0.57,0
71.19,72.36,72.17,71.45,12.81,35.26,0.97,0
32.96,33.37,34.26,33.92,13.92,35.15,1.3,0
30.61,30.7,29.08,28.79,13.96,43.37,1.53,0
42.17,41.84,42.17,41.75,12.64,52.59,0.0,0
57.36,57.94,58.49,57.9,13.06,32.33,1.13,0
26.51,26.06,26.07,25.81,13.84,29.34,0.43,0
33.96,33.29,32.3,31.98,13.49,58.28,1.66,0
69.32,69.08,70.78,70.07,14.12,39.12,1.46,0
30.82,31.41,29.13,28.84,12.82,21.62,1.68,0
